2025-11-07 09:48:16,581:WARNING:
'cuml' is a soft dependency and not included in the pycaret installation. Please run: `pip install cuml` to install.
2025-11-07 09:48:16,587:WARNING:
'cuml' is a soft dependency and not included in the pycaret installation. Please run: `pip install cuml` to install.
2025-11-07 09:48:16,587:WARNING:
'cuml' is a soft dependency and not included in the pycaret installation. Please run: `pip install cuml` to install.
2025-11-07 09:48:16,587:WARNING:
'cuml' is a soft dependency and not included in the pycaret installation. Please run: `pip install cuml` to install.
2025-11-07 09:48:20,128:INFO:PyCaret ClassificationExperiment
2025-11-07 09:48:20,128:INFO:Logging name: clf-default-name
2025-11-07 09:48:20,129:INFO:ML Usecase: MLUsecase.CLASSIFICATION
2025-11-07 09:48:20,129:INFO:version 3.3.2
2025-11-07 09:48:20,129:INFO:Initializing setup()
2025-11-07 09:48:20,129:INFO:self.USI: 9199
2025-11-07 09:48:20,129:INFO:self._variable_keys: {'USI', 'X', 'is_multiclass', '_ml_usecase', 'fold_groups_param', 'pipeline', 'seed', 'fix_imbalance', 'html_param', 'data', 'n_jobs_param', 'logging_param', 'fold_generator', 'exp_id', 'gpu_param', 'X_test', 'y_train', 'X_train', 'idx', 'memory', 'y_test', 'gpu_n_jobs_param', '_available_plots', 'y', 'log_plots_param', 'exp_name_log', 'target_param', 'fold_shuffle_param'}
2025-11-07 09:48:20,129:INFO:Checking environment
2025-11-07 09:48:20,129:INFO:python_version: 3.11.3
2025-11-07 09:48:20,130:INFO:python_build: ('tags/v3.11.3:f3909b8', 'Apr  4 2023 23:49:59')
2025-11-07 09:48:20,130:INFO:machine: AMD64
2025-11-07 09:48:20,130:INFO:platform: Windows-10-10.0.19045-SP0
2025-11-07 09:48:20,140:INFO:Memory: svmem(total=17063763968, available=6737895424, percent=60.5, used=10325868544, free=6737895424)
2025-11-07 09:48:20,140:INFO:Physical Core: 2
2025-11-07 09:48:20,140:INFO:Logical Core: 4
2025-11-07 09:48:20,140:INFO:Checking libraries
2025-11-07 09:48:20,140:INFO:System:
2025-11-07 09:48:20,141:INFO:    python: 3.11.3 (tags/v3.11.3:f3909b8, Apr  4 2023, 23:49:59) [MSC v.1934 64 bit (AMD64)]
2025-11-07 09:48:20,141:INFO:executable: c:\Users\ACER\AppData\Local\Programs\Python\Python311\python.exe
2025-11-07 09:48:20,141:INFO:   machine: Windows-10-10.0.19045-SP0
2025-11-07 09:48:20,141:INFO:PyCaret required dependencies:
2025-11-07 09:48:20,428:INFO:                 pip: 22.3.1
2025-11-07 09:48:20,428:INFO:          setuptools: 65.5.0
2025-11-07 09:48:20,428:INFO:             pycaret: 3.3.2
2025-11-07 09:48:20,428:INFO:             IPython: 8.23.0
2025-11-07 09:48:20,428:INFO:          ipywidgets: 8.1.7
2025-11-07 09:48:20,429:INFO:                tqdm: 4.67.1
2025-11-07 09:48:20,429:INFO:               numpy: 1.26.4
2025-11-07 09:48:20,429:INFO:              pandas: 2.1.4
2025-11-07 09:48:20,429:INFO:              jinja2: 3.1.6
2025-11-07 09:48:20,429:INFO:               scipy: 1.11.4
2025-11-07 09:48:20,429:INFO:              joblib: 1.3.2
2025-11-07 09:48:20,429:INFO:             sklearn: 1.4.2
2025-11-07 09:48:20,430:INFO:                pyod: 2.0.5
2025-11-07 09:48:20,430:INFO:            imblearn: 0.14.0
2025-11-07 09:48:20,430:INFO:   category_encoders: 2.7.0
2025-11-07 09:48:20,430:INFO:            lightgbm: 4.6.0
2025-11-07 09:48:20,430:INFO:               numba: 0.62.1
2025-11-07 09:48:20,430:INFO:            requests: 2.32.5
2025-11-07 09:48:20,430:INFO:          matplotlib: 3.7.5
2025-11-07 09:48:20,431:INFO:          scikitplot: 0.3.7
2025-11-07 09:48:20,431:INFO:         yellowbrick: 1.5
2025-11-07 09:48:20,431:INFO:              plotly: 6.3.0
2025-11-07 09:48:20,431:INFO:    plotly-resampler: Not installed
2025-11-07 09:48:20,431:INFO:             kaleido: 1.2.0
2025-11-07 09:48:20,431:INFO:           schemdraw: 0.15
2025-11-07 09:48:20,432:INFO:         statsmodels: 0.14.5
2025-11-07 09:48:20,432:INFO:              sktime: 0.26.0
2025-11-07 09:48:20,432:INFO:               tbats: 1.1.3
2025-11-07 09:48:20,433:INFO:            pmdarima: 2.0.4
2025-11-07 09:48:20,433:INFO:              psutil: 5.9.8
2025-11-07 09:48:20,434:INFO:          markupsafe: 3.0.3
2025-11-07 09:48:20,434:INFO:             pickle5: Not installed
2025-11-07 09:48:20,434:INFO:         cloudpickle: 3.1.2
2025-11-07 09:48:20,434:INFO:         deprecation: 2.1.0
2025-11-07 09:48:20,434:INFO:              xxhash: 3.6.0
2025-11-07 09:48:20,435:INFO:           wurlitzer: Not installed
2025-11-07 09:48:20,435:INFO:PyCaret optional dependencies:
2025-11-07 09:48:20,547:INFO:                shap: 0.49.1
2025-11-07 09:48:20,547:INFO:           interpret: Not installed
2025-11-07 09:48:20,547:INFO:                umap: Not installed
2025-11-07 09:48:20,547:INFO:     ydata_profiling: Not installed
2025-11-07 09:48:20,547:INFO:  explainerdashboard: Not installed
2025-11-07 09:48:20,547:INFO:             autoviz: Not installed
2025-11-07 09:48:20,547:INFO:           fairlearn: Not installed
2025-11-07 09:48:20,548:INFO:          deepchecks: Not installed
2025-11-07 09:48:20,548:INFO:             xgboost: Not installed
2025-11-07 09:48:20,548:INFO:            catboost: Not installed
2025-11-07 09:48:20,548:INFO:              kmodes: Not installed
2025-11-07 09:48:20,548:INFO:             mlxtend: Not installed
2025-11-07 09:48:20,548:INFO:       statsforecast: Not installed
2025-11-07 09:48:20,548:INFO:        tune_sklearn: Not installed
2025-11-07 09:48:20,548:INFO:                 ray: Not installed
2025-11-07 09:48:20,549:INFO:            hyperopt: Not installed
2025-11-07 09:48:20,549:INFO:              optuna: 4.5.0
2025-11-07 09:48:20,549:INFO:               skopt: Not installed
2025-11-07 09:48:20,549:INFO:              mlflow: Not installed
2025-11-07 09:48:20,549:INFO:              gradio: Not installed
2025-11-07 09:48:20,549:INFO:             fastapi: Not installed
2025-11-07 09:48:20,549:INFO:             uvicorn: Not installed
2025-11-07 09:48:20,550:INFO:              m2cgen: Not installed
2025-11-07 09:48:20,550:INFO:           evidently: Not installed
2025-11-07 09:48:20,551:INFO:               fugue: Not installed
2025-11-07 09:48:20,551:INFO:           streamlit: Not installed
2025-11-07 09:48:20,551:INFO:             prophet: Not installed
2025-11-07 09:48:20,551:INFO:None
2025-11-07 09:48:20,551:INFO:Set up data.
2025-11-07 09:48:20,941:INFO:Set up folding strategy.
2025-11-07 09:48:20,941:INFO:Set up train/test split.
2025-11-07 09:48:20,942:INFO:Set up data.
2025-11-07 09:48:21,159:INFO:Set up index.
2025-11-07 09:48:21,181:INFO:Assigning column types.
2025-11-07 09:48:21,821:INFO:Engine successfully changes for model 'lr' to 'sklearn'.
2025-11-07 09:48:22,061:INFO:Engine for model 'knn' has not been set explicitly, hence returning None.
2025-11-07 09:48:22,085:INFO:Engine for model 'rbfsvm' has not been set explicitly, hence returning None.
2025-11-07 09:48:22,301:WARNING:
'xgboost' is a soft dependency and not included in the pycaret installation. Please run: `pip install xgboost` to install.
Alternately, you can install this by running `pip install pycaret[models]`
2025-11-07 09:48:22,302:WARNING:
'catboost' is a soft dependency and not included in the pycaret installation. Please run: `pip install catboost` to install.
Alternately, you can install this by running `pip install pycaret[models]`
2025-11-07 09:48:22,520:INFO:Engine for model 'knn' has not been set explicitly, hence returning None.
2025-11-07 09:48:22,522:INFO:Engine for model 'rbfsvm' has not been set explicitly, hence returning None.
2025-11-07 09:48:22,651:WARNING:
'xgboost' is a soft dependency and not included in the pycaret installation. Please run: `pip install xgboost` to install.
Alternately, you can install this by running `pip install pycaret[models]`
2025-11-07 09:48:22,651:WARNING:
'catboost' is a soft dependency and not included in the pycaret installation. Please run: `pip install catboost` to install.
Alternately, you can install this by running `pip install pycaret[models]`
2025-11-07 09:48:22,652:INFO:Engine successfully changes for model 'knn' to 'sklearn'.
2025-11-07 09:48:22,971:INFO:Engine for model 'rbfsvm' has not been set explicitly, hence returning None.
2025-11-07 09:48:23,256:WARNING:
'xgboost' is a soft dependency and not included in the pycaret installation. Please run: `pip install xgboost` to install.
Alternately, you can install this by running `pip install pycaret[models]`
2025-11-07 09:48:23,257:WARNING:
'catboost' is a soft dependency and not included in the pycaret installation. Please run: `pip install catboost` to install.
Alternately, you can install this by running `pip install pycaret[models]`
2025-11-07 09:48:23,524:INFO:Engine for model 'rbfsvm' has not been set explicitly, hence returning None.
2025-11-07 09:48:23,653:WARNING:
'xgboost' is a soft dependency and not included in the pycaret installation. Please run: `pip install xgboost` to install.
Alternately, you can install this by running `pip install pycaret[models]`
2025-11-07 09:48:23,654:WARNING:
'catboost' is a soft dependency and not included in the pycaret installation. Please run: `pip install catboost` to install.
Alternately, you can install this by running `pip install pycaret[models]`
2025-11-07 09:48:23,655:INFO:Engine successfully changes for model 'rbfsvm' to 'sklearn'.
2025-11-07 09:48:23,997:WARNING:
'xgboost' is a soft dependency and not included in the pycaret installation. Please run: `pip install xgboost` to install.
Alternately, you can install this by running `pip install pycaret[models]`
2025-11-07 09:48:23,998:WARNING:
'catboost' is a soft dependency and not included in the pycaret installation. Please run: `pip install catboost` to install.
Alternately, you can install this by running `pip install pycaret[models]`
2025-11-07 09:48:24,886:WARNING:
'xgboost' is a soft dependency and not included in the pycaret installation. Please run: `pip install xgboost` to install.
Alternately, you can install this by running `pip install pycaret[models]`
2025-11-07 09:48:24,891:WARNING:
'catboost' is a soft dependency and not included in the pycaret installation. Please run: `pip install catboost` to install.
Alternately, you can install this by running `pip install pycaret[models]`
2025-11-07 09:48:24,911:INFO:Preparing preprocessing pipeline...
2025-11-07 09:48:24,999:INFO:Set up simple imputation.
2025-11-07 09:48:25,049:INFO:Set up column name cleaning.
2025-11-07 09:48:25,802:INFO:Finished creating preprocessing pipeline.
2025-11-07 09:48:25,815:INFO:Pipeline: Pipeline(memory=FastMemory(location=C:\Users\ACER\AppData\Local\Temp\joblib),
         steps=[('numerical_imputer',
                 TransformerWrapper(exclude=None,
                                    include=['MinTemp', 'MaxTemp', 'Rainfall',
                                             'Evaporation', 'Sunshine',
                                             'WindGustSpeed', 'WindSpeed9am',
                                             'WindSpeed3pm', 'Humidity9am',
                                             'Humidity3pm', 'Pressure9am',
                                             'Pressure3pm', 'Cloud9am',
                                             'Cloud3pm', 'Temp9am', 'Temp3pm',
                                             'Rai...
                ('categorical_imputer',
                 TransformerWrapper(exclude=None, include=[],
                                    transformer=SimpleImputer(add_indicator=False,
                                                              copy=True,
                                                              fill_value=None,
                                                              keep_empty_features=False,
                                                              missing_values=nan,
                                                              strategy='most_frequent'))),
                ('clean_column_names',
                 TransformerWrapper(exclude=None, include=None,
                                    transformer=CleanColumnNames(match='[\\]\\[\\,\\{\\}\\"\\:]+')))],
         verbose=False)
2025-11-07 09:48:25,816:INFO:Creating final display dataframe.
2025-11-07 09:48:28,869:INFO:Setup _display_container:                     Description             Value
0                    Session id              1464
1                        Target      RainTomorrow
2                   Target type            Binary
3           Original data shape      (126969, 34)
4        Transformed data shape      (126969, 34)
5   Transformed train set shape       (98753, 34)
6    Transformed test set shape       (28216, 34)
7              Numeric features                33
8                    Preprocess              True
9               Imputation type            simple
10           Numeric imputation              mean
11       Categorical imputation              mode
12               Fold Generator   StratifiedKFold
13                  Fold Number                10
14                     CPU Jobs                -1
15                      Use GPU             False
16               Log Experiment             False
17              Experiment Name  clf-default-name
18                          USI              9199
2025-11-07 09:48:29,144:WARNING:
'xgboost' is a soft dependency and not included in the pycaret installation. Please run: `pip install xgboost` to install.
Alternately, you can install this by running `pip install pycaret[models]`
2025-11-07 09:48:29,145:WARNING:
'catboost' is a soft dependency and not included in the pycaret installation. Please run: `pip install catboost` to install.
Alternately, you can install this by running `pip install pycaret[models]`
2025-11-07 09:48:29,363:WARNING:
'xgboost' is a soft dependency and not included in the pycaret installation. Please run: `pip install xgboost` to install.
Alternately, you can install this by running `pip install pycaret[models]`
2025-11-07 09:48:29,363:WARNING:
'catboost' is a soft dependency and not included in the pycaret installation. Please run: `pip install catboost` to install.
Alternately, you can install this by running `pip install pycaret[models]`
2025-11-07 09:48:29,365:INFO:setup() successfully completed in 9.24s...............
2025-11-07 09:49:48,667:INFO:Initializing compare_models()
2025-11-07 09:49:48,667:INFO:compare_models(self=<pycaret.classification.oop.ClassificationExperiment object at 0x0000029ED2DCDA90>, include=None, exclude=None, fold=None, round=4, cross_validation=True, sort=Recall, n_select=1, budget_time=None, turbo=True, errors=ignore, fit_kwargs=None, groups=None, experiment_custom_tags=None, probability_threshold=None, verbose=True, parallel=None, caller_params={'self': <pycaret.classification.oop.ClassificationExperiment object at 0x0000029ED2DCDA90>, 'include': None, 'exclude': None, 'fold': None, 'round': 4, 'cross_validation': True, 'sort': 'Recall', 'n_select': 1, 'budget_time': None, 'turbo': True, 'errors': 'ignore', 'fit_kwargs': None, 'groups': None, 'experiment_custom_tags': None, 'probability_threshold': None, 'engine': None, 'verbose': True, 'parallel': None, '__class__': <class 'pycaret.classification.oop.ClassificationExperiment'>})
2025-11-07 09:49:48,668:INFO:Checking exceptions
2025-11-07 09:49:48,837:INFO:Preparing display monitor
2025-11-07 09:49:48,917:INFO:Initializing Logistic Regression
2025-11-07 09:49:48,917:INFO:Total runtime is 0.0 minutes
2025-11-07 09:49:48,930:INFO:SubProcess create_model() called ==================================
2025-11-07 09:49:48,931:INFO:Initializing create_model()
2025-11-07 09:49:48,931:INFO:create_model(self=<pycaret.classification.oop.ClassificationExperiment object at 0x0000029ED2DCDA90>, estimator=lr, fold=StratifiedKFold(n_splits=10, random_state=None, shuffle=False), round=4, cross_validation=True, predict=True, fit_kwargs={}, groups=None, refit=False, probability_threshold=None, experiment_custom_tags=None, verbose=False, system=False, add_to_model_list=True, metrics=None, display=<pycaret.internal.display.display.CommonDisplay object at 0x0000029EBF16E4D0>, model_only=True, return_train_score=False, error_score=0.0, kwargs={})
2025-11-07 09:49:48,932:INFO:Checking exceptions
2025-11-07 09:49:48,932:INFO:Importing libraries
2025-11-07 09:49:48,932:INFO:Copying training dataset
2025-11-07 09:49:49,693:INFO:Defining folds
2025-11-07 09:49:49,693:INFO:Declaring metric variables
2025-11-07 09:49:49,700:INFO:Importing untrained model
2025-11-07 09:49:49,707:INFO:Logistic Regression Imported successfully
2025-11-07 09:49:49,735:INFO:Starting cross validation
2025-11-07 09:49:49,740:INFO:Cross validating with StratifiedKFold(n_splits=10, random_state=None, shuffle=False), n_jobs=-1
2025-11-07 09:50:34,485:WARNING:c:\Users\ACER\AppData\Local\Programs\Python\Python311\Lib\site-packages\sklearn\linear_model\_logistic.py:469: ConvergenceWarning: lbfgs failed to converge (status=1):
STOP: TOTAL NO. of ITERATIONS REACHED LIMIT.

Increase the number of iterations (max_iter) or scale the data as shown in:
    https://scikit-learn.org/stable/modules/preprocessing.html
Please also refer to the documentation for alternative solver options:
    https://scikit-learn.org/stable/modules/linear_model.html#logistic-regression
  n_iter_i = _check_optimize_result(

2025-11-07 09:50:34,515:WARNING:c:\Users\ACER\AppData\Local\Programs\Python\Python311\Lib\site-packages\sklearn\linear_model\_logistic.py:469: ConvergenceWarning: lbfgs failed to converge (status=1):
STOP: TOTAL NO. of ITERATIONS REACHED LIMIT.

Increase the number of iterations (max_iter) or scale the data as shown in:
    https://scikit-learn.org/stable/modules/preprocessing.html
Please also refer to the documentation for alternative solver options:
    https://scikit-learn.org/stable/modules/linear_model.html#logistic-regression
  n_iter_i = _check_optimize_result(

2025-11-07 09:50:34,581:WARNING:c:\Users\ACER\AppData\Local\Programs\Python\Python311\Lib\site-packages\sklearn\linear_model\_logistic.py:469: ConvergenceWarning: lbfgs failed to converge (status=1):
STOP: TOTAL NO. of ITERATIONS REACHED LIMIT.

Increase the number of iterations (max_iter) or scale the data as shown in:
    https://scikit-learn.org/stable/modules/preprocessing.html
Please also refer to the documentation for alternative solver options:
    https://scikit-learn.org/stable/modules/linear_model.html#logistic-regression
  n_iter_i = _check_optimize_result(

2025-11-07 09:50:34,694:WARNING:c:\Users\ACER\AppData\Local\Programs\Python\Python311\Lib\site-packages\sklearn\linear_model\_logistic.py:469: ConvergenceWarning: lbfgs failed to converge (status=1):
STOP: TOTAL NO. of ITERATIONS REACHED LIMIT.

Increase the number of iterations (max_iter) or scale the data as shown in:
    https://scikit-learn.org/stable/modules/preprocessing.html
Please also refer to the documentation for alternative solver options:
    https://scikit-learn.org/stable/modules/linear_model.html#logistic-regression
  n_iter_i = _check_optimize_result(

2025-11-07 09:51:05,052:WARNING:c:\Users\ACER\AppData\Local\Programs\Python\Python311\Lib\site-packages\sklearn\linear_model\_logistic.py:469: ConvergenceWarning: lbfgs failed to converge (status=1):
STOP: TOTAL NO. of ITERATIONS REACHED LIMIT.

Increase the number of iterations (max_iter) or scale the data as shown in:
    https://scikit-learn.org/stable/modules/preprocessing.html
Please also refer to the documentation for alternative solver options:
    https://scikit-learn.org/stable/modules/linear_model.html#logistic-regression
  n_iter_i = _check_optimize_result(

2025-11-07 09:51:05,123:WARNING:c:\Users\ACER\AppData\Local\Programs\Python\Python311\Lib\site-packages\sklearn\linear_model\_logistic.py:469: ConvergenceWarning: lbfgs failed to converge (status=1):
STOP: TOTAL NO. of ITERATIONS REACHED LIMIT.

Increase the number of iterations (max_iter) or scale the data as shown in:
    https://scikit-learn.org/stable/modules/preprocessing.html
Please also refer to the documentation for alternative solver options:
    https://scikit-learn.org/stable/modules/linear_model.html#logistic-regression
  n_iter_i = _check_optimize_result(

2025-11-07 09:51:05,135:WARNING:c:\Users\ACER\AppData\Local\Programs\Python\Python311\Lib\site-packages\sklearn\linear_model\_logistic.py:469: ConvergenceWarning: lbfgs failed to converge (status=1):
STOP: TOTAL NO. of ITERATIONS REACHED LIMIT.

Increase the number of iterations (max_iter) or scale the data as shown in:
    https://scikit-learn.org/stable/modules/preprocessing.html
Please also refer to the documentation for alternative solver options:
    https://scikit-learn.org/stable/modules/linear_model.html#logistic-regression
  n_iter_i = _check_optimize_result(

2025-11-07 09:51:05,476:WARNING:c:\Users\ACER\AppData\Local\Programs\Python\Python311\Lib\site-packages\sklearn\linear_model\_logistic.py:469: ConvergenceWarning: lbfgs failed to converge (status=1):
STOP: TOTAL NO. of ITERATIONS REACHED LIMIT.

Increase the number of iterations (max_iter) or scale the data as shown in:
    https://scikit-learn.org/stable/modules/preprocessing.html
Please also refer to the documentation for alternative solver options:
    https://scikit-learn.org/stable/modules/linear_model.html#logistic-regression
  n_iter_i = _check_optimize_result(

2025-11-07 09:51:25,077:WARNING:c:\Users\ACER\AppData\Local\Programs\Python\Python311\Lib\site-packages\sklearn\linear_model\_logistic.py:469: ConvergenceWarning: lbfgs failed to converge (status=1):
STOP: TOTAL NO. of ITERATIONS REACHED LIMIT.

Increase the number of iterations (max_iter) or scale the data as shown in:
    https://scikit-learn.org/stable/modules/preprocessing.html
Please also refer to the documentation for alternative solver options:
    https://scikit-learn.org/stable/modules/linear_model.html#logistic-regression
  n_iter_i = _check_optimize_result(

2025-11-07 09:51:25,148:WARNING:c:\Users\ACER\AppData\Local\Programs\Python\Python311\Lib\site-packages\sklearn\linear_model\_logistic.py:469: ConvergenceWarning: lbfgs failed to converge (status=1):
STOP: TOTAL NO. of ITERATIONS REACHED LIMIT.

Increase the number of iterations (max_iter) or scale the data as shown in:
    https://scikit-learn.org/stable/modules/preprocessing.html
Please also refer to the documentation for alternative solver options:
    https://scikit-learn.org/stable/modules/linear_model.html#logistic-regression
  n_iter_i = _check_optimize_result(

2025-11-07 09:51:25,237:INFO:Calculating mean and std
2025-11-07 09:51:25,239:INFO:Creating metrics dataframe
2025-11-07 09:51:25,248:INFO:Uploading results into container
2025-11-07 09:51:25,249:INFO:Uploading model into container now
2025-11-07 09:51:25,250:INFO:_master_model_container: 1
2025-11-07 09:51:25,250:INFO:_display_container: 2
2025-11-07 09:51:25,251:INFO:LogisticRegression(C=1.0, class_weight=None, dual=False, fit_intercept=True,
                   intercept_scaling=1, l1_ratio=None, max_iter=1000,
                   multi_class='auto', n_jobs=None, penalty='l2',
                   random_state=1464, solver='lbfgs', tol=0.0001, verbose=0,
                   warm_start=False)
2025-11-07 09:51:25,252:INFO:create_model() successfully completed......................................
2025-11-07 09:51:25,696:INFO:SubProcess create_model() end ==================================
2025-11-07 09:51:25,696:INFO:Creating metrics dataframe
2025-11-07 09:51:25,719:INFO:Initializing K Neighbors Classifier
2025-11-07 09:51:25,719:INFO:Total runtime is 1.6133702516555786 minutes
2025-11-07 09:51:25,735:INFO:SubProcess create_model() called ==================================
2025-11-07 09:51:25,736:INFO:Initializing create_model()
2025-11-07 09:51:25,736:INFO:create_model(self=<pycaret.classification.oop.ClassificationExperiment object at 0x0000029ED2DCDA90>, estimator=knn, fold=StratifiedKFold(n_splits=10, random_state=None, shuffle=False), round=4, cross_validation=True, predict=True, fit_kwargs={}, groups=None, refit=False, probability_threshold=None, experiment_custom_tags=None, verbose=False, system=False, add_to_model_list=True, metrics=None, display=<pycaret.internal.display.display.CommonDisplay object at 0x0000029EBF16E4D0>, model_only=True, return_train_score=False, error_score=0.0, kwargs={})
2025-11-07 09:51:25,736:INFO:Checking exceptions
2025-11-07 09:51:25,737:INFO:Importing libraries
2025-11-07 09:51:25,737:INFO:Copying training dataset
2025-11-07 09:51:26,307:INFO:Defining folds
2025-11-07 09:51:26,307:INFO:Declaring metric variables
2025-11-07 09:51:26,321:INFO:Importing untrained model
2025-11-07 09:51:26,326:INFO:K Neighbors Classifier Imported successfully
2025-11-07 09:51:26,350:INFO:Starting cross validation
2025-11-07 09:51:26,354:INFO:Cross validating with StratifiedKFold(n_splits=10, random_state=None, shuffle=False), n_jobs=-1
2025-11-07 09:53:37,382:INFO:Calculating mean and std
2025-11-07 09:53:37,385:INFO:Creating metrics dataframe
2025-11-07 09:53:37,394:INFO:Uploading results into container
2025-11-07 09:53:37,396:INFO:Uploading model into container now
2025-11-07 09:53:37,397:INFO:_master_model_container: 2
2025-11-07 09:53:37,397:INFO:_display_container: 2
2025-11-07 09:53:37,398:INFO:KNeighborsClassifier(algorithm='auto', leaf_size=30, metric='minkowski',
                     metric_params=None, n_jobs=-1, n_neighbors=5, p=2,
                     weights='uniform')
2025-11-07 09:53:37,398:INFO:create_model() successfully completed......................................
2025-11-07 09:53:37,649:INFO:SubProcess create_model() end ==================================
2025-11-07 09:53:37,650:INFO:Creating metrics dataframe
2025-11-07 09:53:37,665:INFO:Initializing Naive Bayes
2025-11-07 09:53:37,665:INFO:Total runtime is 3.812465361754099 minutes
2025-11-07 09:53:37,673:INFO:SubProcess create_model() called ==================================
2025-11-07 09:53:37,674:INFO:Initializing create_model()
2025-11-07 09:53:37,674:INFO:create_model(self=<pycaret.classification.oop.ClassificationExperiment object at 0x0000029ED2DCDA90>, estimator=nb, fold=StratifiedKFold(n_splits=10, random_state=None, shuffle=False), round=4, cross_validation=True, predict=True, fit_kwargs={}, groups=None, refit=False, probability_threshold=None, experiment_custom_tags=None, verbose=False, system=False, add_to_model_list=True, metrics=None, display=<pycaret.internal.display.display.CommonDisplay object at 0x0000029EBF16E4D0>, model_only=True, return_train_score=False, error_score=0.0, kwargs={})
2025-11-07 09:53:37,674:INFO:Checking exceptions
2025-11-07 09:53:37,674:INFO:Importing libraries
2025-11-07 09:53:37,674:INFO:Copying training dataset
2025-11-07 09:53:37,950:INFO:Defining folds
2025-11-07 09:53:37,951:INFO:Declaring metric variables
2025-11-07 09:53:37,966:INFO:Importing untrained model
2025-11-07 09:53:37,977:INFO:Naive Bayes Imported successfully
2025-11-07 09:53:37,996:INFO:Starting cross validation
2025-11-07 09:53:37,999:INFO:Cross validating with StratifiedKFold(n_splits=10, random_state=None, shuffle=False), n_jobs=-1
2025-11-07 09:53:41,183:INFO:Calculating mean and std
2025-11-07 09:53:41,186:INFO:Creating metrics dataframe
2025-11-07 09:53:41,193:INFO:Uploading results into container
2025-11-07 09:53:41,197:INFO:Uploading model into container now
2025-11-07 09:53:41,198:INFO:_master_model_container: 3
2025-11-07 09:53:41,198:INFO:_display_container: 2
2025-11-07 09:53:41,199:INFO:GaussianNB(priors=None, var_smoothing=1e-09)
2025-11-07 09:53:41,199:INFO:create_model() successfully completed......................................
2025-11-07 09:53:41,686:INFO:SubProcess create_model() end ==================================
2025-11-07 09:53:41,686:INFO:Creating metrics dataframe
2025-11-07 09:53:41,704:INFO:Initializing Decision Tree Classifier
2025-11-07 09:53:41,704:INFO:Total runtime is 3.8797869682312007 minutes
2025-11-07 09:53:41,716:INFO:SubProcess create_model() called ==================================
2025-11-07 09:53:41,716:INFO:Initializing create_model()
2025-11-07 09:53:41,717:INFO:create_model(self=<pycaret.classification.oop.ClassificationExperiment object at 0x0000029ED2DCDA90>, estimator=dt, fold=StratifiedKFold(n_splits=10, random_state=None, shuffle=False), round=4, cross_validation=True, predict=True, fit_kwargs={}, groups=None, refit=False, probability_threshold=None, experiment_custom_tags=None, verbose=False, system=False, add_to_model_list=True, metrics=None, display=<pycaret.internal.display.display.CommonDisplay object at 0x0000029EBF16E4D0>, model_only=True, return_train_score=False, error_score=0.0, kwargs={})
2025-11-07 09:53:41,717:INFO:Checking exceptions
2025-11-07 09:53:41,717:INFO:Importing libraries
2025-11-07 09:53:41,717:INFO:Copying training dataset
2025-11-07 09:53:42,033:INFO:Defining folds
2025-11-07 09:53:42,033:INFO:Declaring metric variables
2025-11-07 09:53:42,041:INFO:Importing untrained model
2025-11-07 09:53:42,057:INFO:Decision Tree Classifier Imported successfully
2025-11-07 09:53:42,080:INFO:Starting cross validation
2025-11-07 09:53:42,082:INFO:Cross validating with StratifiedKFold(n_splits=10, random_state=None, shuffle=False), n_jobs=-1
2025-11-07 09:53:58,378:INFO:Calculating mean and std
2025-11-07 09:53:58,380:INFO:Creating metrics dataframe
2025-11-07 09:53:58,389:INFO:Uploading results into container
2025-11-07 09:53:58,391:INFO:Uploading model into container now
2025-11-07 09:53:58,393:INFO:_master_model_container: 4
2025-11-07 09:53:58,393:INFO:_display_container: 2
2025-11-07 09:53:58,395:INFO:DecisionTreeClassifier(ccp_alpha=0.0, class_weight=None, criterion='gini',
                       max_depth=None, max_features=None, max_leaf_nodes=None,
                       min_impurity_decrease=0.0, min_samples_leaf=1,
                       min_samples_split=2, min_weight_fraction_leaf=0.0,
                       monotonic_cst=None, random_state=1464, splitter='best')
2025-11-07 09:53:58,395:INFO:create_model() successfully completed......................................
2025-11-07 09:53:58,631:INFO:SubProcess create_model() end ==================================
2025-11-07 09:53:58,631:INFO:Creating metrics dataframe
2025-11-07 09:53:58,647:INFO:Initializing SVM - Linear Kernel
2025-11-07 09:53:58,647:INFO:Total runtime is 4.162161668141683 minutes
2025-11-07 09:53:58,652:INFO:SubProcess create_model() called ==================================
2025-11-07 09:53:58,655:INFO:Initializing create_model()
2025-11-07 09:53:58,656:INFO:create_model(self=<pycaret.classification.oop.ClassificationExperiment object at 0x0000029ED2DCDA90>, estimator=svm, fold=StratifiedKFold(n_splits=10, random_state=None, shuffle=False), round=4, cross_validation=True, predict=True, fit_kwargs={}, groups=None, refit=False, probability_threshold=None, experiment_custom_tags=None, verbose=False, system=False, add_to_model_list=True, metrics=None, display=<pycaret.internal.display.display.CommonDisplay object at 0x0000029EBF16E4D0>, model_only=True, return_train_score=False, error_score=0.0, kwargs={})
2025-11-07 09:53:58,656:INFO:Checking exceptions
2025-11-07 09:53:58,656:INFO:Importing libraries
2025-11-07 09:53:58,656:INFO:Copying training dataset
2025-11-07 09:53:58,962:INFO:Defining folds
2025-11-07 09:53:58,963:INFO:Declaring metric variables
2025-11-07 09:53:58,973:INFO:Importing untrained model
2025-11-07 09:53:58,984:INFO:SVM - Linear Kernel Imported successfully
2025-11-07 09:53:59,003:INFO:Starting cross validation
2025-11-07 09:53:59,006:INFO:Cross validating with StratifiedKFold(n_splits=10, random_state=None, shuffle=False), n_jobs=-1
2025-11-07 09:54:56,223:INFO:Calculating mean and std
2025-11-07 09:54:56,226:INFO:Creating metrics dataframe
2025-11-07 09:54:56,231:INFO:Uploading results into container
2025-11-07 09:54:56,238:INFO:Uploading model into container now
2025-11-07 09:54:56,239:INFO:_master_model_container: 5
2025-11-07 09:54:56,239:INFO:_display_container: 2
2025-11-07 09:54:56,240:INFO:SGDClassifier(alpha=0.0001, average=False, class_weight=None,
              early_stopping=False, epsilon=0.1, eta0=0.001, fit_intercept=True,
              l1_ratio=0.15, learning_rate='optimal', loss='hinge',
              max_iter=1000, n_iter_no_change=5, n_jobs=-1, penalty='l2',
              power_t=0.5, random_state=1464, shuffle=True, tol=0.001,
              validation_fraction=0.1, verbose=0, warm_start=False)
2025-11-07 09:54:56,241:INFO:create_model() successfully completed......................................
2025-11-07 09:54:56,491:INFO:SubProcess create_model() end ==================================
2025-11-07 09:54:56,492:INFO:Creating metrics dataframe
2025-11-07 09:54:56,507:INFO:Initializing Ridge Classifier
2025-11-07 09:54:56,507:INFO:Total runtime is 5.126504170894623 minutes
2025-11-07 09:54:56,513:INFO:SubProcess create_model() called ==================================
2025-11-07 09:54:56,513:INFO:Initializing create_model()
2025-11-07 09:54:56,514:INFO:create_model(self=<pycaret.classification.oop.ClassificationExperiment object at 0x0000029ED2DCDA90>, estimator=ridge, fold=StratifiedKFold(n_splits=10, random_state=None, shuffle=False), round=4, cross_validation=True, predict=True, fit_kwargs={}, groups=None, refit=False, probability_threshold=None, experiment_custom_tags=None, verbose=False, system=False, add_to_model_list=True, metrics=None, display=<pycaret.internal.display.display.CommonDisplay object at 0x0000029EBF16E4D0>, model_only=True, return_train_score=False, error_score=0.0, kwargs={})
2025-11-07 09:54:56,514:INFO:Checking exceptions
2025-11-07 09:54:56,514:INFO:Importing libraries
2025-11-07 09:54:56,514:INFO:Copying training dataset
2025-11-07 09:54:56,785:INFO:Defining folds
2025-11-07 09:54:56,786:INFO:Declaring metric variables
2025-11-07 09:54:56,810:INFO:Importing untrained model
2025-11-07 09:54:56,818:INFO:Ridge Classifier Imported successfully
2025-11-07 09:54:56,835:INFO:Starting cross validation
2025-11-07 09:54:56,838:INFO:Cross validating with StratifiedKFold(n_splits=10, random_state=None, shuffle=False), n_jobs=-1
2025-11-07 09:54:59,622:INFO:Calculating mean and std
2025-11-07 09:54:59,626:INFO:Creating metrics dataframe
2025-11-07 09:54:59,629:INFO:Uploading results into container
2025-11-07 09:54:59,630:INFO:Uploading model into container now
2025-11-07 09:54:59,633:INFO:_master_model_container: 6
2025-11-07 09:54:59,634:INFO:_display_container: 2
2025-11-07 09:54:59,634:INFO:RidgeClassifier(alpha=1.0, class_weight=None, copy_X=True, fit_intercept=True,
                max_iter=None, positive=False, random_state=1464, solver='auto',
                tol=0.0001)
2025-11-07 09:54:59,635:INFO:create_model() successfully completed......................................
2025-11-07 09:54:59,982:INFO:SubProcess create_model() end ==================================
2025-11-07 09:54:59,983:INFO:Creating metrics dataframe
2025-11-07 09:55:00,019:INFO:Initializing Random Forest Classifier
2025-11-07 09:55:00,020:INFO:Total runtime is 5.185043756167094 minutes
2025-11-07 09:55:00,033:INFO:SubProcess create_model() called ==================================
2025-11-07 09:55:00,033:INFO:Initializing create_model()
2025-11-07 09:55:00,033:INFO:create_model(self=<pycaret.classification.oop.ClassificationExperiment object at 0x0000029ED2DCDA90>, estimator=rf, fold=StratifiedKFold(n_splits=10, random_state=None, shuffle=False), round=4, cross_validation=True, predict=True, fit_kwargs={}, groups=None, refit=False, probability_threshold=None, experiment_custom_tags=None, verbose=False, system=False, add_to_model_list=True, metrics=None, display=<pycaret.internal.display.display.CommonDisplay object at 0x0000029EBF16E4D0>, model_only=True, return_train_score=False, error_score=0.0, kwargs={})
2025-11-07 09:55:00,033:INFO:Checking exceptions
2025-11-07 09:55:00,033:INFO:Importing libraries
2025-11-07 09:55:00,033:INFO:Copying training dataset
2025-11-07 09:55:00,503:INFO:Defining folds
2025-11-07 09:55:00,504:INFO:Declaring metric variables
2025-11-07 09:55:00,543:INFO:Importing untrained model
2025-11-07 09:55:00,554:INFO:Random Forest Classifier Imported successfully
2025-11-07 09:55:00,585:INFO:Starting cross validation
2025-11-07 09:55:00,588:INFO:Cross validating with StratifiedKFold(n_splits=10, random_state=None, shuffle=False), n_jobs=-1
2025-11-07 09:57:42,673:INFO:Calculating mean and std
2025-11-07 09:57:42,684:INFO:Creating metrics dataframe
2025-11-07 09:57:42,690:INFO:Uploading results into container
2025-11-07 09:57:42,695:INFO:Uploading model into container now
2025-11-07 09:57:42,698:INFO:_master_model_container: 7
2025-11-07 09:57:42,698:INFO:_display_container: 2
2025-11-07 09:57:42,701:INFO:RandomForestClassifier(bootstrap=True, ccp_alpha=0.0, class_weight=None,
                       criterion='gini', max_depth=None, max_features='sqrt',
                       max_leaf_nodes=None, max_samples=None,
                       min_impurity_decrease=0.0, min_samples_leaf=1,
                       min_samples_split=2, min_weight_fraction_leaf=0.0,
                       monotonic_cst=None, n_estimators=100, n_jobs=-1,
                       oob_score=False, random_state=1464, verbose=0,
                       warm_start=False)
2025-11-07 09:57:42,702:INFO:create_model() successfully completed......................................
2025-11-07 09:57:43,078:INFO:SubProcess create_model() end ==================================
2025-11-07 09:57:43,078:INFO:Creating metrics dataframe
2025-11-07 09:57:43,104:INFO:Initializing Quadratic Discriminant Analysis
2025-11-07 09:57:43,104:INFO:Total runtime is 7.903114362557728 minutes
2025-11-07 09:57:43,116:INFO:SubProcess create_model() called ==================================
2025-11-07 09:57:43,117:INFO:Initializing create_model()
2025-11-07 09:57:43,117:INFO:create_model(self=<pycaret.classification.oop.ClassificationExperiment object at 0x0000029ED2DCDA90>, estimator=qda, fold=StratifiedKFold(n_splits=10, random_state=None, shuffle=False), round=4, cross_validation=True, predict=True, fit_kwargs={}, groups=None, refit=False, probability_threshold=None, experiment_custom_tags=None, verbose=False, system=False, add_to_model_list=True, metrics=None, display=<pycaret.internal.display.display.CommonDisplay object at 0x0000029EBF16E4D0>, model_only=True, return_train_score=False, error_score=0.0, kwargs={})
2025-11-07 09:57:43,118:INFO:Checking exceptions
2025-11-07 09:57:43,118:INFO:Importing libraries
2025-11-07 09:57:43,118:INFO:Copying training dataset
2025-11-07 09:57:43,458:INFO:Defining folds
2025-11-07 09:57:43,458:INFO:Declaring metric variables
2025-11-07 09:57:43,469:INFO:Importing untrained model
2025-11-07 09:57:43,480:INFO:Quadratic Discriminant Analysis Imported successfully
2025-11-07 09:57:43,526:INFO:Starting cross validation
2025-11-07 09:57:43,531:INFO:Cross validating with StratifiedKFold(n_splits=10, random_state=None, shuffle=False), n_jobs=-1
2025-11-07 09:57:50,740:INFO:Calculating mean and std
2025-11-07 09:57:50,745:INFO:Creating metrics dataframe
2025-11-07 09:57:50,760:INFO:Uploading results into container
2025-11-07 09:57:50,762:INFO:Uploading model into container now
2025-11-07 09:57:50,772:INFO:_master_model_container: 8
2025-11-07 09:57:50,772:INFO:_display_container: 2
2025-11-07 09:57:50,773:INFO:QuadraticDiscriminantAnalysis(priors=None, reg_param=0.0,
                              store_covariance=False, tol=0.0001)
2025-11-07 09:57:50,773:INFO:create_model() successfully completed......................................
2025-11-07 09:57:51,136:INFO:SubProcess create_model() end ==================================
2025-11-07 09:57:51,136:INFO:Creating metrics dataframe
2025-11-07 09:57:51,165:INFO:Initializing Ada Boost Classifier
2025-11-07 09:57:51,165:INFO:Total runtime is 8.037464340527851 minutes
2025-11-07 09:57:51,178:INFO:SubProcess create_model() called ==================================
2025-11-07 09:57:51,180:INFO:Initializing create_model()
2025-11-07 09:57:51,180:INFO:create_model(self=<pycaret.classification.oop.ClassificationExperiment object at 0x0000029ED2DCDA90>, estimator=ada, fold=StratifiedKFold(n_splits=10, random_state=None, shuffle=False), round=4, cross_validation=True, predict=True, fit_kwargs={}, groups=None, refit=False, probability_threshold=None, experiment_custom_tags=None, verbose=False, system=False, add_to_model_list=True, metrics=None, display=<pycaret.internal.display.display.CommonDisplay object at 0x0000029EBF16E4D0>, model_only=True, return_train_score=False, error_score=0.0, kwargs={})
2025-11-07 09:57:51,181:INFO:Checking exceptions
2025-11-07 09:57:51,181:INFO:Importing libraries
2025-11-07 09:57:51,181:INFO:Copying training dataset
2025-11-07 09:57:51,531:INFO:Defining folds
2025-11-07 09:57:51,531:INFO:Declaring metric variables
2025-11-07 09:57:51,541:INFO:Importing untrained model
2025-11-07 09:57:51,548:INFO:Ada Boost Classifier Imported successfully
2025-11-07 09:57:51,569:INFO:Starting cross validation
2025-11-07 09:57:51,572:INFO:Cross validating with StratifiedKFold(n_splits=10, random_state=None, shuffle=False), n_jobs=-1
2025-11-07 09:57:52,333:WARNING:c:\Users\ACER\AppData\Local\Programs\Python\Python311\Lib\site-packages\sklearn\ensemble\_weight_boosting.py:519: FutureWarning: The SAMME.R algorithm (the default) is deprecated and will be removed in 1.6. Use the SAMME algorithm to circumvent this warning.
  warnings.warn(

2025-11-07 09:57:52,424:WARNING:c:\Users\ACER\AppData\Local\Programs\Python\Python311\Lib\site-packages\sklearn\ensemble\_weight_boosting.py:519: FutureWarning: The SAMME.R algorithm (the default) is deprecated and will be removed in 1.6. Use the SAMME algorithm to circumvent this warning.
  warnings.warn(

2025-11-07 09:57:52,507:WARNING:c:\Users\ACER\AppData\Local\Programs\Python\Python311\Lib\site-packages\sklearn\ensemble\_weight_boosting.py:519: FutureWarning: The SAMME.R algorithm (the default) is deprecated and will be removed in 1.6. Use the SAMME algorithm to circumvent this warning.
  warnings.warn(

2025-11-07 09:57:52,550:WARNING:c:\Users\ACER\AppData\Local\Programs\Python\Python311\Lib\site-packages\sklearn\ensemble\_weight_boosting.py:519: FutureWarning: The SAMME.R algorithm (the default) is deprecated and will be removed in 1.6. Use the SAMME algorithm to circumvent this warning.
  warnings.warn(

2025-11-07 09:58:14,700:WARNING:c:\Users\ACER\AppData\Local\Programs\Python\Python311\Lib\site-packages\sklearn\ensemble\_weight_boosting.py:519: FutureWarning: The SAMME.R algorithm (the default) is deprecated and will be removed in 1.6. Use the SAMME algorithm to circumvent this warning.
  warnings.warn(

2025-11-07 09:58:14,738:WARNING:c:\Users\ACER\AppData\Local\Programs\Python\Python311\Lib\site-packages\sklearn\ensemble\_weight_boosting.py:519: FutureWarning: The SAMME.R algorithm (the default) is deprecated and will be removed in 1.6. Use the SAMME algorithm to circumvent this warning.
  warnings.warn(

2025-11-07 09:58:15,245:WARNING:c:\Users\ACER\AppData\Local\Programs\Python\Python311\Lib\site-packages\sklearn\ensemble\_weight_boosting.py:519: FutureWarning: The SAMME.R algorithm (the default) is deprecated and will be removed in 1.6. Use the SAMME algorithm to circumvent this warning.
  warnings.warn(

2025-11-07 09:58:15,676:WARNING:c:\Users\ACER\AppData\Local\Programs\Python\Python311\Lib\site-packages\sklearn\ensemble\_weight_boosting.py:519: FutureWarning: The SAMME.R algorithm (the default) is deprecated and will be removed in 1.6. Use the SAMME algorithm to circumvent this warning.
  warnings.warn(

2025-11-07 09:58:41,127:WARNING:c:\Users\ACER\AppData\Local\Programs\Python\Python311\Lib\site-packages\sklearn\ensemble\_weight_boosting.py:519: FutureWarning: The SAMME.R algorithm (the default) is deprecated and will be removed in 1.6. Use the SAMME algorithm to circumvent this warning.
  warnings.warn(

2025-11-07 09:58:41,352:WARNING:c:\Users\ACER\AppData\Local\Programs\Python\Python311\Lib\site-packages\sklearn\ensemble\_weight_boosting.py:519: FutureWarning: The SAMME.R algorithm (the default) is deprecated and will be removed in 1.6. Use the SAMME algorithm to circumvent this warning.
  warnings.warn(

2025-11-07 09:58:57,821:INFO:Calculating mean and std
2025-11-07 09:58:57,824:INFO:Creating metrics dataframe
2025-11-07 09:58:57,832:INFO:Uploading results into container
2025-11-07 09:58:57,833:INFO:Uploading model into container now
2025-11-07 09:58:57,835:INFO:_master_model_container: 9
2025-11-07 09:58:57,835:INFO:_display_container: 2
2025-11-07 09:58:57,836:INFO:AdaBoostClassifier(algorithm='SAMME.R', estimator=None, learning_rate=1.0,
                   n_estimators=50, random_state=1464)
2025-11-07 09:58:57,836:INFO:create_model() successfully completed......................................
2025-11-07 09:58:58,187:INFO:SubProcess create_model() end ==================================
2025-11-07 09:58:58,187:INFO:Creating metrics dataframe
2025-11-07 09:58:58,217:INFO:Initializing Gradient Boosting Classifier
2025-11-07 09:58:58,217:INFO:Total runtime is 9.154995791117349 minutes
2025-11-07 09:58:58,225:INFO:SubProcess create_model() called ==================================
2025-11-07 09:58:58,227:INFO:Initializing create_model()
2025-11-07 09:58:58,227:INFO:create_model(self=<pycaret.classification.oop.ClassificationExperiment object at 0x0000029ED2DCDA90>, estimator=gbc, fold=StratifiedKFold(n_splits=10, random_state=None, shuffle=False), round=4, cross_validation=True, predict=True, fit_kwargs={}, groups=None, refit=False, probability_threshold=None, experiment_custom_tags=None, verbose=False, system=False, add_to_model_list=True, metrics=None, display=<pycaret.internal.display.display.CommonDisplay object at 0x0000029EBF16E4D0>, model_only=True, return_train_score=False, error_score=0.0, kwargs={})
2025-11-07 09:58:58,227:INFO:Checking exceptions
2025-11-07 09:58:58,227:INFO:Importing libraries
2025-11-07 09:58:58,228:INFO:Copying training dataset
2025-11-07 09:58:58,520:INFO:Defining folds
2025-11-07 09:58:58,520:INFO:Declaring metric variables
2025-11-07 09:58:58,534:INFO:Importing untrained model
2025-11-07 09:58:58,545:INFO:Gradient Boosting Classifier Imported successfully
2025-11-07 09:58:58,571:INFO:Starting cross validation
2025-11-07 09:58:58,573:INFO:Cross validating with StratifiedKFold(n_splits=10, random_state=None, shuffle=False), n_jobs=-1
2025-11-07 10:03:02,505:INFO:Calculating mean and std
2025-11-07 10:03:02,507:INFO:Creating metrics dataframe
2025-11-07 10:03:02,512:INFO:Uploading results into container
2025-11-07 10:03:02,527:INFO:Uploading model into container now
2025-11-07 10:03:02,530:INFO:_master_model_container: 10
2025-11-07 10:03:02,530:INFO:_display_container: 2
2025-11-07 10:03:02,539:INFO:GradientBoostingClassifier(ccp_alpha=0.0, criterion='friedman_mse', init=None,
                           learning_rate=0.1, loss='log_loss', max_depth=3,
                           max_features=None, max_leaf_nodes=None,
                           min_impurity_decrease=0.0, min_samples_leaf=1,
                           min_samples_split=2, min_weight_fraction_leaf=0.0,
                           n_estimators=100, n_iter_no_change=None,
                           random_state=1464, subsample=1.0, tol=0.0001,
                           validation_fraction=0.1, verbose=0,
                           warm_start=False)
2025-11-07 10:03:02,540:INFO:create_model() successfully completed......................................
2025-11-07 10:03:02,794:INFO:SubProcess create_model() end ==================================
2025-11-07 10:03:02,794:INFO:Creating metrics dataframe
2025-11-07 10:03:02,840:INFO:Initializing Linear Discriminant Analysis
2025-11-07 10:03:02,841:INFO:Total runtime is 13.232061394055684 minutes
2025-11-07 10:03:02,854:INFO:SubProcess create_model() called ==================================
2025-11-07 10:03:02,855:INFO:Initializing create_model()
2025-11-07 10:03:02,855:INFO:create_model(self=<pycaret.classification.oop.ClassificationExperiment object at 0x0000029ED2DCDA90>, estimator=lda, fold=StratifiedKFold(n_splits=10, random_state=None, shuffle=False), round=4, cross_validation=True, predict=True, fit_kwargs={}, groups=None, refit=False, probability_threshold=None, experiment_custom_tags=None, verbose=False, system=False, add_to_model_list=True, metrics=None, display=<pycaret.internal.display.display.CommonDisplay object at 0x0000029EBF16E4D0>, model_only=True, return_train_score=False, error_score=0.0, kwargs={})
2025-11-07 10:03:02,856:INFO:Checking exceptions
2025-11-07 10:03:02,856:INFO:Importing libraries
2025-11-07 10:03:02,856:INFO:Copying training dataset
2025-11-07 10:03:03,259:INFO:Defining folds
2025-11-07 10:03:03,259:INFO:Declaring metric variables
2025-11-07 10:03:03,274:INFO:Importing untrained model
2025-11-07 10:03:03,285:INFO:Linear Discriminant Analysis Imported successfully
2025-11-07 10:03:03,303:INFO:Starting cross validation
2025-11-07 10:03:03,305:INFO:Cross validating with StratifiedKFold(n_splits=10, random_state=None, shuffle=False), n_jobs=-1
2025-11-07 10:03:08,325:INFO:Calculating mean and std
2025-11-07 10:03:08,327:INFO:Creating metrics dataframe
2025-11-07 10:03:08,330:INFO:Uploading results into container
2025-11-07 10:03:08,331:INFO:Uploading model into container now
2025-11-07 10:03:08,334:INFO:_master_model_container: 11
2025-11-07 10:03:08,334:INFO:_display_container: 2
2025-11-07 10:03:08,335:INFO:LinearDiscriminantAnalysis(covariance_estimator=None, n_components=None,
                           priors=None, shrinkage=None, solver='svd',
                           store_covariance=False, tol=0.0001)
2025-11-07 10:03:08,335:INFO:create_model() successfully completed......................................
2025-11-07 10:03:08,664:INFO:SubProcess create_model() end ==================================
2025-11-07 10:03:08,664:INFO:Creating metrics dataframe
2025-11-07 10:03:08,686:INFO:Initializing Extra Trees Classifier
2025-11-07 10:03:08,686:INFO:Total runtime is 13.32948457400004 minutes
2025-11-07 10:03:08,696:INFO:SubProcess create_model() called ==================================
2025-11-07 10:03:08,697:INFO:Initializing create_model()
2025-11-07 10:03:08,697:INFO:create_model(self=<pycaret.classification.oop.ClassificationExperiment object at 0x0000029ED2DCDA90>, estimator=et, fold=StratifiedKFold(n_splits=10, random_state=None, shuffle=False), round=4, cross_validation=True, predict=True, fit_kwargs={}, groups=None, refit=False, probability_threshold=None, experiment_custom_tags=None, verbose=False, system=False, add_to_model_list=True, metrics=None, display=<pycaret.internal.display.display.CommonDisplay object at 0x0000029EBF16E4D0>, model_only=True, return_train_score=False, error_score=0.0, kwargs={})
2025-11-07 10:03:08,697:INFO:Checking exceptions
2025-11-07 10:03:08,697:INFO:Importing libraries
2025-11-07 10:03:08,697:INFO:Copying training dataset
2025-11-07 10:03:08,949:INFO:Defining folds
2025-11-07 10:03:08,949:INFO:Declaring metric variables
2025-11-07 10:03:08,956:INFO:Importing untrained model
2025-11-07 10:03:08,965:INFO:Extra Trees Classifier Imported successfully
2025-11-07 10:03:08,979:INFO:Starting cross validation
2025-11-07 10:03:08,982:INFO:Cross validating with StratifiedKFold(n_splits=10, random_state=None, shuffle=False), n_jobs=-1
2025-11-07 10:05:29,150:INFO:Calculating mean and std
2025-11-07 10:05:29,154:INFO:Creating metrics dataframe
2025-11-07 10:05:29,161:INFO:Uploading results into container
2025-11-07 10:05:29,165:INFO:Uploading model into container now
2025-11-07 10:05:29,166:INFO:_master_model_container: 12
2025-11-07 10:05:29,167:INFO:_display_container: 2
2025-11-07 10:05:29,168:INFO:ExtraTreesClassifier(bootstrap=False, ccp_alpha=0.0, class_weight=None,
                     criterion='gini', max_depth=None, max_features='sqrt',
                     max_leaf_nodes=None, max_samples=None,
                     min_impurity_decrease=0.0, min_samples_leaf=1,
                     min_samples_split=2, min_weight_fraction_leaf=0.0,
                     monotonic_cst=None, n_estimators=100, n_jobs=-1,
                     oob_score=False, random_state=1464, verbose=0,
                     warm_start=False)
2025-11-07 10:05:29,168:INFO:create_model() successfully completed......................................
2025-11-07 10:05:29,499:INFO:SubProcess create_model() end ==================================
2025-11-07 10:05:29,499:INFO:Creating metrics dataframe
2025-11-07 10:05:29,568:INFO:Initializing Light Gradient Boosting Machine
2025-11-07 10:05:29,568:INFO:Total runtime is 15.677517084280648 minutes
2025-11-07 10:05:29,578:INFO:SubProcess create_model() called ==================================
2025-11-07 10:05:29,579:INFO:Initializing create_model()
2025-11-07 10:05:29,579:INFO:create_model(self=<pycaret.classification.oop.ClassificationExperiment object at 0x0000029ED2DCDA90>, estimator=lightgbm, fold=StratifiedKFold(n_splits=10, random_state=None, shuffle=False), round=4, cross_validation=True, predict=True, fit_kwargs={}, groups=None, refit=False, probability_threshold=None, experiment_custom_tags=None, verbose=False, system=False, add_to_model_list=True, metrics=None, display=<pycaret.internal.display.display.CommonDisplay object at 0x0000029EBF16E4D0>, model_only=True, return_train_score=False, error_score=0.0, kwargs={})
2025-11-07 10:05:29,580:INFO:Checking exceptions
2025-11-07 10:05:29,580:INFO:Importing libraries
2025-11-07 10:05:29,580:INFO:Copying training dataset
2025-11-07 10:05:29,980:INFO:Defining folds
2025-11-07 10:05:29,980:INFO:Declaring metric variables
2025-11-07 10:05:29,989:INFO:Importing untrained model
2025-11-07 10:05:29,999:INFO:Light Gradient Boosting Machine Imported successfully
2025-11-07 10:05:30,018:INFO:Starting cross validation
2025-11-07 10:05:30,021:INFO:Cross validating with StratifiedKFold(n_splits=10, random_state=None, shuffle=False), n_jobs=-1
2025-11-07 10:05:48,330:INFO:Calculating mean and std
2025-11-07 10:05:48,334:INFO:Creating metrics dataframe
2025-11-07 10:05:48,340:INFO:Uploading results into container
2025-11-07 10:05:48,341:INFO:Uploading model into container now
2025-11-07 10:05:48,342:INFO:_master_model_container: 13
2025-11-07 10:05:48,343:INFO:_display_container: 2
2025-11-07 10:05:48,345:INFO:LGBMClassifier(boosting_type='gbdt', class_weight=None, colsample_bytree=1.0,
               importance_type='split', learning_rate=0.1, max_depth=-1,
               min_child_samples=20, min_child_weight=0.001, min_split_gain=0.0,
               n_estimators=100, n_jobs=-1, num_leaves=31, objective=None,
               random_state=1464, reg_alpha=0.0, reg_lambda=0.0, subsample=1.0,
               subsample_for_bin=200000, subsample_freq=0)
2025-11-07 10:05:48,345:INFO:create_model() successfully completed......................................
2025-11-07 10:05:48,678:INFO:SubProcess create_model() end ==================================
2025-11-07 10:05:48,678:INFO:Creating metrics dataframe
2025-11-07 10:05:48,707:INFO:Initializing Dummy Classifier
2025-11-07 10:05:48,708:INFO:Total runtime is 15.996499435106912 minutes
2025-11-07 10:05:48,719:INFO:SubProcess create_model() called ==================================
2025-11-07 10:05:48,719:INFO:Initializing create_model()
2025-11-07 10:05:48,719:INFO:create_model(self=<pycaret.classification.oop.ClassificationExperiment object at 0x0000029ED2DCDA90>, estimator=dummy, fold=StratifiedKFold(n_splits=10, random_state=None, shuffle=False), round=4, cross_validation=True, predict=True, fit_kwargs={}, groups=None, refit=False, probability_threshold=None, experiment_custom_tags=None, verbose=False, system=False, add_to_model_list=True, metrics=None, display=<pycaret.internal.display.display.CommonDisplay object at 0x0000029EBF16E4D0>, model_only=True, return_train_score=False, error_score=0.0, kwargs={})
2025-11-07 10:05:48,720:INFO:Checking exceptions
2025-11-07 10:05:48,721:INFO:Importing libraries
2025-11-07 10:05:48,721:INFO:Copying training dataset
2025-11-07 10:05:49,112:INFO:Defining folds
2025-11-07 10:05:49,112:INFO:Declaring metric variables
2025-11-07 10:05:49,123:INFO:Importing untrained model
2025-11-07 10:05:49,132:INFO:Dummy Classifier Imported successfully
2025-11-07 10:05:49,159:INFO:Starting cross validation
2025-11-07 10:05:49,161:INFO:Cross validating with StratifiedKFold(n_splits=10, random_state=None, shuffle=False), n_jobs=-1
2025-11-07 10:05:49,891:WARNING:c:\Users\ACER\AppData\Local\Programs\Python\Python311\Lib\site-packages\sklearn\metrics\_classification.py:1509: UndefinedMetricWarning: Precision is ill-defined and being set to 0.0 due to no predicted samples. Use `zero_division` parameter to control this behavior.
  _warn_prf(average, modifier, f"{metric.capitalize()} is", len(result))

2025-11-07 10:05:50,002:WARNING:c:\Users\ACER\AppData\Local\Programs\Python\Python311\Lib\site-packages\sklearn\metrics\_classification.py:1509: UndefinedMetricWarning: Precision is ill-defined and being set to 0.0 due to no predicted samples. Use `zero_division` parameter to control this behavior.
  _warn_prf(average, modifier, f"{metric.capitalize()} is", len(result))

2025-11-07 10:05:50,110:WARNING:c:\Users\ACER\AppData\Local\Programs\Python\Python311\Lib\site-packages\sklearn\metrics\_classification.py:1509: UndefinedMetricWarning: Precision is ill-defined and being set to 0.0 due to no predicted samples. Use `zero_division` parameter to control this behavior.
  _warn_prf(average, modifier, f"{metric.capitalize()} is", len(result))

2025-11-07 10:05:50,213:WARNING:c:\Users\ACER\AppData\Local\Programs\Python\Python311\Lib\site-packages\sklearn\metrics\_classification.py:1509: UndefinedMetricWarning: Precision is ill-defined and being set to 0.0 due to no predicted samples. Use `zero_division` parameter to control this behavior.
  _warn_prf(average, modifier, f"{metric.capitalize()} is", len(result))

2025-11-07 10:05:50,574:WARNING:c:\Users\ACER\AppData\Local\Programs\Python\Python311\Lib\site-packages\sklearn\metrics\_classification.py:1509: UndefinedMetricWarning: Precision is ill-defined and being set to 0.0 due to no predicted samples. Use `zero_division` parameter to control this behavior.
  _warn_prf(average, modifier, f"{metric.capitalize()} is", len(result))

2025-11-07 10:05:50,659:WARNING:c:\Users\ACER\AppData\Local\Programs\Python\Python311\Lib\site-packages\sklearn\metrics\_classification.py:1509: UndefinedMetricWarning: Precision is ill-defined and being set to 0.0 due to no predicted samples. Use `zero_division` parameter to control this behavior.
  _warn_prf(average, modifier, f"{metric.capitalize()} is", len(result))

2025-11-07 10:05:50,805:WARNING:c:\Users\ACER\AppData\Local\Programs\Python\Python311\Lib\site-packages\sklearn\metrics\_classification.py:1509: UndefinedMetricWarning: Precision is ill-defined and being set to 0.0 due to no predicted samples. Use `zero_division` parameter to control this behavior.
  _warn_prf(average, modifier, f"{metric.capitalize()} is", len(result))

2025-11-07 10:05:50,835:WARNING:c:\Users\ACER\AppData\Local\Programs\Python\Python311\Lib\site-packages\sklearn\metrics\_classification.py:1509: UndefinedMetricWarning: Precision is ill-defined and being set to 0.0 due to no predicted samples. Use `zero_division` parameter to control this behavior.
  _warn_prf(average, modifier, f"{metric.capitalize()} is", len(result))

2025-11-07 10:05:51,099:WARNING:c:\Users\ACER\AppData\Local\Programs\Python\Python311\Lib\site-packages\sklearn\metrics\_classification.py:1509: UndefinedMetricWarning: Precision is ill-defined and being set to 0.0 due to no predicted samples. Use `zero_division` parameter to control this behavior.
  _warn_prf(average, modifier, f"{metric.capitalize()} is", len(result))

2025-11-07 10:05:51,139:WARNING:c:\Users\ACER\AppData\Local\Programs\Python\Python311\Lib\site-packages\sklearn\metrics\_classification.py:1509: UndefinedMetricWarning: Precision is ill-defined and being set to 0.0 due to no predicted samples. Use `zero_division` parameter to control this behavior.
  _warn_prf(average, modifier, f"{metric.capitalize()} is", len(result))

2025-11-07 10:05:51,176:INFO:Calculating mean and std
2025-11-07 10:05:51,180:INFO:Creating metrics dataframe
2025-11-07 10:05:51,185:INFO:Uploading results into container
2025-11-07 10:05:51,186:INFO:Uploading model into container now
2025-11-07 10:05:51,187:INFO:_master_model_container: 14
2025-11-07 10:05:51,187:INFO:_display_container: 2
2025-11-07 10:05:51,188:INFO:DummyClassifier(constant=None, random_state=1464, strategy='prior')
2025-11-07 10:05:51,188:INFO:create_model() successfully completed......................................
2025-11-07 10:05:51,498:INFO:SubProcess create_model() end ==================================
2025-11-07 10:05:51,498:INFO:Creating metrics dataframe
2025-11-07 10:05:51,590:INFO:Initializing create_model()
2025-11-07 10:05:51,591:INFO:create_model(self=<pycaret.classification.oop.ClassificationExperiment object at 0x0000029ED2DCDA90>, estimator=GaussianNB(priors=None, var_smoothing=1e-09), fold=StratifiedKFold(n_splits=10, random_state=None, shuffle=False), round=4, cross_validation=False, predict=False, fit_kwargs={}, groups=None, refit=True, probability_threshold=None, experiment_custom_tags=None, verbose=False, system=False, add_to_model_list=True, metrics=None, display=None, model_only=True, return_train_score=False, error_score=0.0, kwargs={})
2025-11-07 10:05:51,591:INFO:Checking exceptions
2025-11-07 10:05:51,597:INFO:Importing libraries
2025-11-07 10:05:51,597:INFO:Copying training dataset
2025-11-07 10:05:52,006:INFO:Defining folds
2025-11-07 10:05:52,007:INFO:Declaring metric variables
2025-11-07 10:05:52,007:INFO:Importing untrained model
2025-11-07 10:05:52,007:INFO:Declaring custom model
2025-11-07 10:05:52,008:INFO:Naive Bayes Imported successfully
2025-11-07 10:05:52,010:INFO:Cross validation set to False
2025-11-07 10:05:52,011:INFO:Fitting Model
2025-11-07 10:05:52,379:INFO:GaussianNB(priors=None, var_smoothing=1e-09)
2025-11-07 10:05:52,379:INFO:create_model() successfully completed......................................
2025-11-07 10:05:52,723:INFO:_master_model_container: 14
2025-11-07 10:05:52,723:INFO:_display_container: 2
2025-11-07 10:05:52,724:INFO:GaussianNB(priors=None, var_smoothing=1e-09)
2025-11-07 10:05:52,724:INFO:compare_models() successfully completed......................................
2025-11-07 10:20:30,966:INFO:PyCaret ClassificationExperiment
2025-11-07 10:20:30,967:INFO:Logging name: clf-default-name
2025-11-07 10:20:30,967:INFO:ML Usecase: MLUsecase.CLASSIFICATION
2025-11-07 10:20:30,968:INFO:version 3.3.2
2025-11-07 10:20:30,968:INFO:Initializing setup()
2025-11-07 10:20:30,968:INFO:self.USI: bec2
2025-11-07 10:20:30,969:INFO:self._variable_keys: {'USI', 'X', 'is_multiclass', '_ml_usecase', 'fold_groups_param', 'pipeline', 'seed', 'fix_imbalance', 'html_param', 'data', 'n_jobs_param', 'logging_param', 'fold_generator', 'exp_id', 'gpu_param', 'X_test', 'y_train', 'X_train', 'idx', 'memory', 'y_test', 'gpu_n_jobs_param', '_available_plots', 'y', 'log_plots_param', 'exp_name_log', 'target_param', 'fold_shuffle_param'}
2025-11-07 10:20:30,969:INFO:Checking environment
2025-11-07 10:20:30,969:INFO:python_version: 3.11.3
2025-11-07 10:20:30,969:INFO:python_build: ('tags/v3.11.3:f3909b8', 'Apr  4 2023 23:49:59')
2025-11-07 10:20:30,970:INFO:machine: AMD64
2025-11-07 10:20:30,970:INFO:platform: Windows-10-10.0.19045-SP0
2025-11-07 10:20:30,975:INFO:Memory: svmem(total=17063763968, available=7998521344, percent=53.1, used=9065242624, free=7998521344)
2025-11-07 10:20:30,976:INFO:Physical Core: 2
2025-11-07 10:20:30,976:INFO:Logical Core: 4
2025-11-07 10:20:30,976:INFO:Checking libraries
2025-11-07 10:20:30,976:INFO:System:
2025-11-07 10:20:30,977:INFO:    python: 3.11.3 (tags/v3.11.3:f3909b8, Apr  4 2023, 23:49:59) [MSC v.1934 64 bit (AMD64)]
2025-11-07 10:20:30,977:INFO:executable: c:\Users\ACER\AppData\Local\Programs\Python\Python311\python.exe
2025-11-07 10:20:30,977:INFO:   machine: Windows-10-10.0.19045-SP0
2025-11-07 10:20:30,977:INFO:PyCaret required dependencies:
2025-11-07 10:20:30,977:INFO:                 pip: 22.3.1
2025-11-07 10:20:30,978:INFO:          setuptools: 65.5.0
2025-11-07 10:20:30,978:INFO:             pycaret: 3.3.2
2025-11-07 10:20:30,978:INFO:             IPython: 8.23.0
2025-11-07 10:20:30,978:INFO:          ipywidgets: 8.1.7
2025-11-07 10:20:30,978:INFO:                tqdm: 4.67.1
2025-11-07 10:20:30,978:INFO:               numpy: 1.26.4
2025-11-07 10:20:30,979:INFO:              pandas: 2.1.4
2025-11-07 10:20:30,979:INFO:              jinja2: 3.1.6
2025-11-07 10:20:30,979:INFO:               scipy: 1.11.4
2025-11-07 10:20:30,979:INFO:              joblib: 1.3.2
2025-11-07 10:20:30,980:INFO:             sklearn: 1.4.2
2025-11-07 10:20:30,980:INFO:                pyod: 2.0.5
2025-11-07 10:20:30,980:INFO:            imblearn: 0.14.0
2025-11-07 10:20:30,980:INFO:   category_encoders: 2.7.0
2025-11-07 10:20:30,980:INFO:            lightgbm: 4.6.0
2025-11-07 10:20:30,981:INFO:               numba: 0.62.1
2025-11-07 10:20:30,981:INFO:            requests: 2.32.5
2025-11-07 10:20:30,981:INFO:          matplotlib: 3.7.5
2025-11-07 10:20:30,981:INFO:          scikitplot: 0.3.7
2025-11-07 10:20:30,981:INFO:         yellowbrick: 1.5
2025-11-07 10:20:30,981:INFO:              plotly: 6.3.0
2025-11-07 10:20:30,982:INFO:    plotly-resampler: Not installed
2025-11-07 10:20:30,982:INFO:             kaleido: 1.2.0
2025-11-07 10:20:30,982:INFO:           schemdraw: 0.15
2025-11-07 10:20:30,982:INFO:         statsmodels: 0.14.5
2025-11-07 10:20:30,982:INFO:              sktime: 0.26.0
2025-11-07 10:20:30,983:INFO:               tbats: 1.1.3
2025-11-07 10:20:30,983:INFO:            pmdarima: 2.0.4
2025-11-07 10:20:30,983:INFO:              psutil: 5.9.8
2025-11-07 10:20:30,983:INFO:          markupsafe: 3.0.3
2025-11-07 10:20:30,983:INFO:             pickle5: Not installed
2025-11-07 10:20:30,983:INFO:         cloudpickle: 3.1.2
2025-11-07 10:20:30,983:INFO:         deprecation: 2.1.0
2025-11-07 10:20:30,984:INFO:              xxhash: 3.6.0
2025-11-07 10:20:30,984:INFO:           wurlitzer: Not installed
2025-11-07 10:20:30,984:INFO:PyCaret optional dependencies:
2025-11-07 10:20:30,984:INFO:                shap: 0.49.1
2025-11-07 10:20:30,984:INFO:           interpret: Not installed
2025-11-07 10:20:30,985:INFO:                umap: Not installed
2025-11-07 10:20:30,985:INFO:     ydata_profiling: Not installed
2025-11-07 10:20:30,985:INFO:  explainerdashboard: Not installed
2025-11-07 10:20:30,985:INFO:             autoviz: Not installed
2025-11-07 10:20:30,985:INFO:           fairlearn: Not installed
2025-11-07 10:20:30,985:INFO:          deepchecks: Not installed
2025-11-07 10:20:30,985:INFO:             xgboost: Not installed
2025-11-07 10:20:30,986:INFO:            catboost: Not installed
2025-11-07 10:20:30,986:INFO:              kmodes: Not installed
2025-11-07 10:20:30,986:INFO:             mlxtend: Not installed
2025-11-07 10:20:30,986:INFO:       statsforecast: Not installed
2025-11-07 10:20:30,986:INFO:        tune_sklearn: Not installed
2025-11-07 10:20:30,986:INFO:                 ray: Not installed
2025-11-07 10:20:30,986:INFO:            hyperopt: Not installed
2025-11-07 10:20:30,986:INFO:              optuna: 4.5.0
2025-11-07 10:20:30,987:INFO:               skopt: Not installed
2025-11-07 10:20:30,987:INFO:              mlflow: Not installed
2025-11-07 10:20:30,987:INFO:              gradio: Not installed
2025-11-07 10:20:30,987:INFO:             fastapi: Not installed
2025-11-07 10:20:30,987:INFO:             uvicorn: Not installed
2025-11-07 10:20:30,987:INFO:              m2cgen: Not installed
2025-11-07 10:20:30,987:INFO:           evidently: Not installed
2025-11-07 10:20:30,988:INFO:               fugue: Not installed
2025-11-07 10:20:30,988:INFO:           streamlit: Not installed
2025-11-07 10:20:30,988:INFO:             prophet: Not installed
2025-11-07 10:20:30,988:INFO:None
2025-11-07 10:20:30,988:INFO:Set up data.
2025-11-07 10:20:31,353:INFO:Set up folding strategy.
2025-11-07 10:20:31,354:INFO:Set up train/test split.
2025-11-07 10:20:31,354:INFO:Set up data.
2025-11-07 10:20:31,576:INFO:Set up index.
2025-11-07 10:20:31,635:INFO:Assigning column types.
2025-11-07 10:20:32,206:INFO:Engine successfully changes for model 'lr' to 'sklearn'.
2025-11-07 10:20:32,575:INFO:Engine for model 'knn' has not been set explicitly, hence returning None.
2025-11-07 10:20:32,578:INFO:Engine for model 'rbfsvm' has not been set explicitly, hence returning None.
2025-11-07 10:20:32,915:WARNING:
'xgboost' is a soft dependency and not included in the pycaret installation. Please run: `pip install xgboost` to install.
Alternately, you can install this by running `pip install pycaret[models]`
2025-11-07 10:20:32,916:WARNING:
'catboost' is a soft dependency and not included in the pycaret installation. Please run: `pip install catboost` to install.
Alternately, you can install this by running `pip install pycaret[models]`
2025-11-07 10:20:33,199:INFO:Engine for model 'knn' has not been set explicitly, hence returning None.
2025-11-07 10:20:33,204:INFO:Engine for model 'rbfsvm' has not been set explicitly, hence returning None.
2025-11-07 10:20:33,362:WARNING:
'xgboost' is a soft dependency and not included in the pycaret installation. Please run: `pip install xgboost` to install.
Alternately, you can install this by running `pip install pycaret[models]`
2025-11-07 10:20:33,363:WARNING:
'catboost' is a soft dependency and not included in the pycaret installation. Please run: `pip install catboost` to install.
Alternately, you can install this by running `pip install pycaret[models]`
2025-11-07 10:20:33,364:INFO:Engine successfully changes for model 'knn' to 'sklearn'.
2025-11-07 10:20:33,703:INFO:Engine for model 'rbfsvm' has not been set explicitly, hence returning None.
2025-11-07 10:20:33,971:WARNING:
'xgboost' is a soft dependency and not included in the pycaret installation. Please run: `pip install xgboost` to install.
Alternately, you can install this by running `pip install pycaret[models]`
2025-11-07 10:20:33,971:WARNING:
'catboost' is a soft dependency and not included in the pycaret installation. Please run: `pip install catboost` to install.
Alternately, you can install this by running `pip install pycaret[models]`
2025-11-07 10:20:34,264:INFO:Engine for model 'rbfsvm' has not been set explicitly, hence returning None.
2025-11-07 10:20:34,385:WARNING:
'xgboost' is a soft dependency and not included in the pycaret installation. Please run: `pip install xgboost` to install.
Alternately, you can install this by running `pip install pycaret[models]`
2025-11-07 10:20:34,386:WARNING:
'catboost' is a soft dependency and not included in the pycaret installation. Please run: `pip install catboost` to install.
Alternately, you can install this by running `pip install pycaret[models]`
2025-11-07 10:20:34,387:INFO:Engine successfully changes for model 'rbfsvm' to 'sklearn'.
2025-11-07 10:20:34,790:WARNING:
'xgboost' is a soft dependency and not included in the pycaret installation. Please run: `pip install xgboost` to install.
Alternately, you can install this by running `pip install pycaret[models]`
2025-11-07 10:20:34,791:WARNING:
'catboost' is a soft dependency and not included in the pycaret installation. Please run: `pip install catboost` to install.
Alternately, you can install this by running `pip install pycaret[models]`
2025-11-07 10:20:35,150:WARNING:
'xgboost' is a soft dependency and not included in the pycaret installation. Please run: `pip install xgboost` to install.
Alternately, you can install this by running `pip install pycaret[models]`
2025-11-07 10:20:35,151:WARNING:
'catboost' is a soft dependency and not included in the pycaret installation. Please run: `pip install catboost` to install.
Alternately, you can install this by running `pip install pycaret[models]`
2025-11-07 10:20:35,154:INFO:Preparing preprocessing pipeline...
2025-11-07 10:20:35,190:INFO:Set up simple imputation.
2025-11-07 10:20:35,191:INFO:Set up imbalanced handling.
2025-11-07 10:20:35,220:INFO:Set up column name cleaning.
2025-11-07 10:20:41,328:INFO:Finished creating preprocessing pipeline.
2025-11-07 10:20:41,338:INFO:Pipeline: Pipeline(memory=FastMemory(location=C:\Users\ACER\AppData\Local\Temp\joblib),
         steps=[('numerical_imputer',
                 TransformerWrapper(exclude=None,
                                    include=['MinTemp', 'MaxTemp', 'Rainfall',
                                             'Evaporation', 'Sunshine',
                                             'WindGustSpeed', 'WindSpeed9am',
                                             'WindSpeed3pm', 'Humidity9am',
                                             'Humidity3pm', 'Pressure9am',
                                             'Pressure3pm', 'Cloud9am',
                                             'Cloud3pm', 'Temp9am', 'Temp3pm',
                                             'Rai...
                                                              missing_values=nan,
                                                              strategy='most_frequent'))),
                ('balance',
                 TransformerWrapper(exclude=None, include=None,
                                    transformer=FixImbalancer(estimator=SMOTE(k_neighbors=5,
                                                                              random_state=None,
                                                                              sampling_strategy='auto')))),
                ('clean_column_names',
                 TransformerWrapper(exclude=None, include=None,
                                    transformer=CleanColumnNames(match='[\\]\\[\\,\\{\\}\\"\\:]+')))],
         verbose=False)
2025-11-07 10:20:41,338:INFO:Creating final display dataframe.
2025-11-07 10:20:46,618:INFO:Setup _display_container:                     Description             Value
0                    Session id              8903
1                        Target      RainTomorrow
2                   Target type            Binary
3           Original data shape      (126969, 34)
4        Transformed data shape      (181358, 34)
5   Transformed train set shape      (153142, 34)
6    Transformed test set shape       (28216, 34)
7              Numeric features                33
8                    Preprocess              True
9               Imputation type            simple
10           Numeric imputation              mean
11       Categorical imputation              mode
12                Fix imbalance              True
13         Fix imbalance method             SMOTE
14               Fold Generator   StratifiedKFold
15                  Fold Number                10
16                     CPU Jobs                -1
17                      Use GPU             False
18               Log Experiment             False
19              Experiment Name  clf-default-name
20                          USI              bec2
2025-11-07 10:20:46,939:WARNING:
'xgboost' is a soft dependency and not included in the pycaret installation. Please run: `pip install xgboost` to install.
Alternately, you can install this by running `pip install pycaret[models]`
2025-11-07 10:20:46,939:WARNING:
'catboost' is a soft dependency and not included in the pycaret installation. Please run: `pip install catboost` to install.
Alternately, you can install this by running `pip install pycaret[models]`
2025-11-07 10:20:47,186:WARNING:
'xgboost' is a soft dependency and not included in the pycaret installation. Please run: `pip install xgboost` to install.
Alternately, you can install this by running `pip install pycaret[models]`
2025-11-07 10:20:47,186:WARNING:
'catboost' is a soft dependency and not included in the pycaret installation. Please run: `pip install catboost` to install.
Alternately, you can install this by running `pip install pycaret[models]`
2025-11-07 10:20:47,188:INFO:setup() successfully completed in 16.24s...............
2025-11-07 10:20:56,350:INFO:Initializing compare_models()
2025-11-07 10:20:56,350:INFO:compare_models(self=<pycaret.classification.oop.ClassificationExperiment object at 0x0000029ED36E4BD0>, include=None, exclude=None, fold=None, round=4, cross_validation=True, sort=Recall, n_select=1, budget_time=None, turbo=True, errors=ignore, fit_kwargs=None, groups=None, experiment_custom_tags=None, probability_threshold=None, verbose=True, parallel=None, caller_params={'self': <pycaret.classification.oop.ClassificationExperiment object at 0x0000029ED36E4BD0>, 'include': None, 'exclude': None, 'fold': None, 'round': 4, 'cross_validation': True, 'sort': 'Recall', 'n_select': 1, 'budget_time': None, 'turbo': True, 'errors': 'ignore', 'fit_kwargs': None, 'groups': None, 'experiment_custom_tags': None, 'probability_threshold': None, 'engine': None, 'verbose': True, 'parallel': None, '__class__': <class 'pycaret.classification.oop.ClassificationExperiment'>})
2025-11-07 10:20:56,350:INFO:Checking exceptions
2025-11-07 10:20:56,525:INFO:Preparing display monitor
2025-11-07 10:20:56,650:INFO:Initializing Logistic Regression
2025-11-07 10:20:56,651:INFO:Total runtime is 1.6657511393229165e-05 minutes
2025-11-07 10:20:56,676:INFO:SubProcess create_model() called ==================================
2025-11-07 10:20:56,681:INFO:Initializing create_model()
2025-11-07 10:20:56,681:INFO:create_model(self=<pycaret.classification.oop.ClassificationExperiment object at 0x0000029ED36E4BD0>, estimator=lr, fold=StratifiedKFold(n_splits=10, random_state=None, shuffle=False), round=4, cross_validation=True, predict=True, fit_kwargs={}, groups=None, refit=False, probability_threshold=None, experiment_custom_tags=None, verbose=False, system=False, add_to_model_list=True, metrics=None, display=<pycaret.internal.display.display.CommonDisplay object at 0x0000029EC54AA950>, model_only=True, return_train_score=False, error_score=0.0, kwargs={})
2025-11-07 10:20:56,682:INFO:Checking exceptions
2025-11-07 10:20:56,682:INFO:Importing libraries
2025-11-07 10:20:56,683:INFO:Copying training dataset
2025-11-07 10:20:57,194:INFO:Defining folds
2025-11-07 10:20:57,194:INFO:Declaring metric variables
2025-11-07 10:20:57,202:INFO:Importing untrained model
2025-11-07 10:20:57,210:INFO:Logistic Regression Imported successfully
2025-11-07 10:20:57,225:INFO:Starting cross validation
2025-11-07 10:20:57,232:INFO:Cross validating with StratifiedKFold(n_splits=10, random_state=None, shuffle=False), n_jobs=-1
2025-11-07 10:21:36,754:INFO:Initializing compare_models()
2025-11-07 10:21:36,754:INFO:compare_models(self=<pycaret.classification.oop.ClassificationExperiment object at 0x0000029ED36E4BD0>, include=None, exclude=None, fold=None, round=4, cross_validation=True, sort=Accuracy, n_select=1, budget_time=None, turbo=True, errors=ignore, fit_kwargs=None, groups=None, experiment_custom_tags=None, probability_threshold=None, verbose=True, parallel=None, caller_params={'self': <pycaret.classification.oop.ClassificationExperiment object at 0x0000029ED36E4BD0>, 'include': None, 'exclude': None, 'fold': None, 'round': 4, 'cross_validation': True, 'sort': 'Accuracy', 'n_select': 1, 'budget_time': None, 'turbo': True, 'errors': 'ignore', 'fit_kwargs': None, 'groups': None, 'experiment_custom_tags': None, 'probability_threshold': None, 'engine': None, 'verbose': True, 'parallel': None, '__class__': <class 'pycaret.classification.oop.ClassificationExperiment'>})
2025-11-07 10:21:36,755:INFO:Checking exceptions
2025-11-07 10:21:36,901:INFO:Preparing display monitor
2025-11-07 10:21:36,995:INFO:Initializing Logistic Regression
2025-11-07 10:21:36,996:INFO:Total runtime is 1.6661485036214194e-05 minutes
2025-11-07 10:21:37,008:INFO:SubProcess create_model() called ==================================
2025-11-07 10:21:37,009:INFO:Initializing create_model()
2025-11-07 10:21:37,009:INFO:create_model(self=<pycaret.classification.oop.ClassificationExperiment object at 0x0000029ED36E4BD0>, estimator=lr, fold=StratifiedKFold(n_splits=10, random_state=None, shuffle=False), round=4, cross_validation=True, predict=True, fit_kwargs={}, groups=None, refit=False, probability_threshold=None, experiment_custom_tags=None, verbose=False, system=False, add_to_model_list=True, metrics=None, display=<pycaret.internal.display.display.CommonDisplay object at 0x0000029ED21B0D90>, model_only=True, return_train_score=False, error_score=0.0, kwargs={})
2025-11-07 10:21:37,011:INFO:Checking exceptions
2025-11-07 10:21:37,012:INFO:Importing libraries
2025-11-07 10:21:37,012:INFO:Copying training dataset
2025-11-07 10:21:37,512:INFO:Defining folds
2025-11-07 10:21:37,512:INFO:Declaring metric variables
2025-11-07 10:21:37,521:INFO:Importing untrained model
2025-11-07 10:21:37,530:INFO:Logistic Regression Imported successfully
2025-11-07 10:21:37,560:INFO:Starting cross validation
2025-11-07 10:21:37,567:INFO:Cross validating with StratifiedKFold(n_splits=10, random_state=None, shuffle=False), n_jobs=-1
2025-11-07 10:22:51,361:WARNING:c:\Users\ACER\AppData\Local\Programs\Python\Python311\Lib\site-packages\sklearn\linear_model\_logistic.py:469: ConvergenceWarning: lbfgs failed to converge (status=1):
STOP: TOTAL NO. of ITERATIONS REACHED LIMIT.

Increase the number of iterations (max_iter) or scale the data as shown in:
    https://scikit-learn.org/stable/modules/preprocessing.html
Please also refer to the documentation for alternative solver options:
    https://scikit-learn.org/stable/modules/linear_model.html#logistic-regression
  n_iter_i = _check_optimize_result(

2025-11-07 10:22:53,077:WARNING:c:\Users\ACER\AppData\Local\Programs\Python\Python311\Lib\site-packages\sklearn\linear_model\_logistic.py:469: ConvergenceWarning: lbfgs failed to converge (status=1):
STOP: TOTAL NO. of ITERATIONS REACHED LIMIT.

Increase the number of iterations (max_iter) or scale the data as shown in:
    https://scikit-learn.org/stable/modules/preprocessing.html
Please also refer to the documentation for alternative solver options:
    https://scikit-learn.org/stable/modules/linear_model.html#logistic-regression
  n_iter_i = _check_optimize_result(

2025-11-07 10:22:53,345:WARNING:c:\Users\ACER\AppData\Local\Programs\Python\Python311\Lib\site-packages\sklearn\linear_model\_logistic.py:469: ConvergenceWarning: lbfgs failed to converge (status=1):
STOP: TOTAL NO. of ITERATIONS REACHED LIMIT.

Increase the number of iterations (max_iter) or scale the data as shown in:
    https://scikit-learn.org/stable/modules/preprocessing.html
Please also refer to the documentation for alternative solver options:
    https://scikit-learn.org/stable/modules/linear_model.html#logistic-regression
  n_iter_i = _check_optimize_result(

2025-11-07 10:22:55,629:WARNING:c:\Users\ACER\AppData\Local\Programs\Python\Python311\Lib\site-packages\sklearn\linear_model\_logistic.py:469: ConvergenceWarning: lbfgs failed to converge (status=1):
STOP: TOTAL NO. of ITERATIONS REACHED LIMIT.

Increase the number of iterations (max_iter) or scale the data as shown in:
    https://scikit-learn.org/stable/modules/preprocessing.html
Please also refer to the documentation for alternative solver options:
    https://scikit-learn.org/stable/modules/linear_model.html#logistic-regression
  n_iter_i = _check_optimize_result(

2025-11-07 10:23:56,233:WARNING:c:\Users\ACER\AppData\Local\Programs\Python\Python311\Lib\site-packages\sklearn\linear_model\_logistic.py:469: ConvergenceWarning: lbfgs failed to converge (status=1):
STOP: TOTAL NO. of ITERATIONS REACHED LIMIT.

Increase the number of iterations (max_iter) or scale the data as shown in:
    https://scikit-learn.org/stable/modules/preprocessing.html
Please also refer to the documentation for alternative solver options:
    https://scikit-learn.org/stable/modules/linear_model.html#logistic-regression
  n_iter_i = _check_optimize_result(

2025-11-07 10:23:57,831:WARNING:c:\Users\ACER\AppData\Local\Programs\Python\Python311\Lib\site-packages\sklearn\linear_model\_logistic.py:469: ConvergenceWarning: lbfgs failed to converge (status=1):
STOP: TOTAL NO. of ITERATIONS REACHED LIMIT.

Increase the number of iterations (max_iter) or scale the data as shown in:
    https://scikit-learn.org/stable/modules/preprocessing.html
Please also refer to the documentation for alternative solver options:
    https://scikit-learn.org/stable/modules/linear_model.html#logistic-regression
  n_iter_i = _check_optimize_result(

2025-11-07 10:23:59,575:WARNING:c:\Users\ACER\AppData\Local\Programs\Python\Python311\Lib\site-packages\sklearn\linear_model\_logistic.py:469: ConvergenceWarning: lbfgs failed to converge (status=1):
STOP: TOTAL NO. of ITERATIONS REACHED LIMIT.

Increase the number of iterations (max_iter) or scale the data as shown in:
    https://scikit-learn.org/stable/modules/preprocessing.html
Please also refer to the documentation for alternative solver options:
    https://scikit-learn.org/stable/modules/linear_model.html#logistic-regression
  n_iter_i = _check_optimize_result(

2025-11-07 10:24:00,237:WARNING:c:\Users\ACER\AppData\Local\Programs\Python\Python311\Lib\site-packages\sklearn\linear_model\_logistic.py:469: ConvergenceWarning: lbfgs failed to converge (status=1):
STOP: TOTAL NO. of ITERATIONS REACHED LIMIT.

Increase the number of iterations (max_iter) or scale the data as shown in:
    https://scikit-learn.org/stable/modules/preprocessing.html
Please also refer to the documentation for alternative solver options:
    https://scikit-learn.org/stable/modules/linear_model.html#logistic-regression
  n_iter_i = _check_optimize_result(

2025-11-07 10:24:40,917:WARNING:c:\Users\ACER\AppData\Local\Programs\Python\Python311\Lib\site-packages\sklearn\linear_model\_logistic.py:469: ConvergenceWarning: lbfgs failed to converge (status=1):
STOP: TOTAL NO. of ITERATIONS REACHED LIMIT.

Increase the number of iterations (max_iter) or scale the data as shown in:
    https://scikit-learn.org/stable/modules/preprocessing.html
Please also refer to the documentation for alternative solver options:
    https://scikit-learn.org/stable/modules/linear_model.html#logistic-regression
  n_iter_i = _check_optimize_result(

2025-11-07 10:24:41,664:WARNING:c:\Users\ACER\AppData\Local\Programs\Python\Python311\Lib\site-packages\sklearn\linear_model\_logistic.py:469: ConvergenceWarning: lbfgs failed to converge (status=1):
STOP: TOTAL NO. of ITERATIONS REACHED LIMIT.

Increase the number of iterations (max_iter) or scale the data as shown in:
    https://scikit-learn.org/stable/modules/preprocessing.html
Please also refer to the documentation for alternative solver options:
    https://scikit-learn.org/stable/modules/linear_model.html#logistic-regression
  n_iter_i = _check_optimize_result(

2025-11-07 10:24:41,738:INFO:Calculating mean and std
2025-11-07 10:24:41,745:INFO:Creating metrics dataframe
2025-11-07 10:24:41,750:INFO:Uploading results into container
2025-11-07 10:24:41,751:INFO:Uploading model into container now
2025-11-07 10:24:41,752:INFO:_master_model_container: 1
2025-11-07 10:24:41,752:INFO:_display_container: 2
2025-11-07 10:24:41,753:INFO:LogisticRegression(C=1.0, class_weight=None, dual=False, fit_intercept=True,
                   intercept_scaling=1, l1_ratio=None, max_iter=1000,
                   multi_class='auto', n_jobs=None, penalty='l2',
                   random_state=8903, solver='lbfgs', tol=0.0001, verbose=0,
                   warm_start=False)
2025-11-07 10:24:41,754:INFO:create_model() successfully completed......................................
2025-11-07 10:24:42,047:INFO:SubProcess create_model() end ==================================
2025-11-07 10:24:42,047:INFO:Creating metrics dataframe
2025-11-07 10:24:42,064:INFO:Initializing K Neighbors Classifier
2025-11-07 10:24:42,064:INFO:Total runtime is 3.0844759424527486 minutes
2025-11-07 10:24:42,070:INFO:SubProcess create_model() called ==================================
2025-11-07 10:24:42,071:INFO:Initializing create_model()
2025-11-07 10:24:42,071:INFO:create_model(self=<pycaret.classification.oop.ClassificationExperiment object at 0x0000029ED36E4BD0>, estimator=knn, fold=StratifiedKFold(n_splits=10, random_state=None, shuffle=False), round=4, cross_validation=True, predict=True, fit_kwargs={}, groups=None, refit=False, probability_threshold=None, experiment_custom_tags=None, verbose=False, system=False, add_to_model_list=True, metrics=None, display=<pycaret.internal.display.display.CommonDisplay object at 0x0000029ED21B0D90>, model_only=True, return_train_score=False, error_score=0.0, kwargs={})
2025-11-07 10:24:42,071:INFO:Checking exceptions
2025-11-07 10:24:42,071:INFO:Importing libraries
2025-11-07 10:24:42,071:INFO:Copying training dataset
2025-11-07 10:24:42,614:INFO:Defining folds
2025-11-07 10:24:42,615:INFO:Declaring metric variables
2025-11-07 10:24:42,636:INFO:Importing untrained model
2025-11-07 10:24:42,654:INFO:K Neighbors Classifier Imported successfully
2025-11-07 10:24:42,707:INFO:Starting cross validation
2025-11-07 10:24:42,715:INFO:Cross validating with StratifiedKFold(n_splits=10, random_state=None, shuffle=False), n_jobs=-1
2025-11-07 10:28:28,960:INFO:Calculating mean and std
2025-11-07 10:28:28,968:INFO:Creating metrics dataframe
2025-11-07 10:28:28,973:INFO:Uploading results into container
2025-11-07 10:28:28,976:INFO:Uploading model into container now
2025-11-07 10:28:28,979:INFO:_master_model_container: 2
2025-11-07 10:28:28,979:INFO:_display_container: 2
2025-11-07 10:28:28,980:INFO:KNeighborsClassifier(algorithm='auto', leaf_size=30, metric='minkowski',
                     metric_params=None, n_jobs=-1, n_neighbors=5, p=2,
                     weights='uniform')
2025-11-07 10:28:28,980:INFO:create_model() successfully completed......................................
2025-11-07 10:28:29,579:INFO:SubProcess create_model() end ==================================
2025-11-07 10:28:29,579:INFO:Creating metrics dataframe
2025-11-07 10:28:29,611:INFO:Initializing Naive Bayes
2025-11-07 10:28:29,611:INFO:Total runtime is 6.876921598116557 minutes
2025-11-07 10:28:29,620:INFO:SubProcess create_model() called ==================================
2025-11-07 10:28:29,621:INFO:Initializing create_model()
2025-11-07 10:28:29,621:INFO:create_model(self=<pycaret.classification.oop.ClassificationExperiment object at 0x0000029ED36E4BD0>, estimator=nb, fold=StratifiedKFold(n_splits=10, random_state=None, shuffle=False), round=4, cross_validation=True, predict=True, fit_kwargs={}, groups=None, refit=False, probability_threshold=None, experiment_custom_tags=None, verbose=False, system=False, add_to_model_list=True, metrics=None, display=<pycaret.internal.display.display.CommonDisplay object at 0x0000029ED21B0D90>, model_only=True, return_train_score=False, error_score=0.0, kwargs={})
2025-11-07 10:28:29,622:INFO:Checking exceptions
2025-11-07 10:28:29,622:INFO:Importing libraries
2025-11-07 10:28:29,622:INFO:Copying training dataset
2025-11-07 10:28:30,135:INFO:Defining folds
2025-11-07 10:28:30,135:INFO:Declaring metric variables
2025-11-07 10:28:30,145:INFO:Importing untrained model
2025-11-07 10:28:30,158:INFO:Naive Bayes Imported successfully
2025-11-07 10:28:30,178:INFO:Starting cross validation
2025-11-07 10:28:30,184:INFO:Cross validating with StratifiedKFold(n_splits=10, random_state=None, shuffle=False), n_jobs=-1
2025-11-07 10:29:07,052:INFO:Calculating mean and std
2025-11-07 10:29:07,059:INFO:Creating metrics dataframe
2025-11-07 10:29:07,064:INFO:Uploading results into container
2025-11-07 10:29:07,065:INFO:Uploading model into container now
2025-11-07 10:29:07,065:INFO:_master_model_container: 3
2025-11-07 10:29:07,066:INFO:_display_container: 2
2025-11-07 10:29:07,066:INFO:GaussianNB(priors=None, var_smoothing=1e-09)
2025-11-07 10:29:07,066:INFO:create_model() successfully completed......................................
2025-11-07 10:29:07,402:INFO:SubProcess create_model() end ==================================
2025-11-07 10:29:07,402:INFO:Creating metrics dataframe
2025-11-07 10:29:07,414:INFO:Initializing Decision Tree Classifier
2025-11-07 10:29:07,415:INFO:Total runtime is 7.506996528307597 minutes
2025-11-07 10:29:07,419:INFO:SubProcess create_model() called ==================================
2025-11-07 10:29:07,420:INFO:Initializing create_model()
2025-11-07 10:29:07,420:INFO:create_model(self=<pycaret.classification.oop.ClassificationExperiment object at 0x0000029ED36E4BD0>, estimator=dt, fold=StratifiedKFold(n_splits=10, random_state=None, shuffle=False), round=4, cross_validation=True, predict=True, fit_kwargs={}, groups=None, refit=False, probability_threshold=None, experiment_custom_tags=None, verbose=False, system=False, add_to_model_list=True, metrics=None, display=<pycaret.internal.display.display.CommonDisplay object at 0x0000029ED21B0D90>, model_only=True, return_train_score=False, error_score=0.0, kwargs={})
2025-11-07 10:29:07,421:INFO:Checking exceptions
2025-11-07 10:29:07,421:INFO:Importing libraries
2025-11-07 10:29:07,422:INFO:Copying training dataset
2025-11-07 10:29:07,621:INFO:Defining folds
2025-11-07 10:29:07,621:INFO:Declaring metric variables
2025-11-07 10:29:07,628:INFO:Importing untrained model
2025-11-07 10:29:07,637:INFO:Decision Tree Classifier Imported successfully
2025-11-07 10:29:07,650:INFO:Starting cross validation
2025-11-07 10:29:07,654:INFO:Cross validating with StratifiedKFold(n_splits=10, random_state=None, shuffle=False), n_jobs=-1
2025-11-07 10:30:14,691:INFO:Calculating mean and std
2025-11-07 10:30:14,694:INFO:Creating metrics dataframe
2025-11-07 10:30:14,705:INFO:Uploading results into container
2025-11-07 10:30:14,707:INFO:Uploading model into container now
2025-11-07 10:30:14,708:INFO:_master_model_container: 4
2025-11-07 10:30:14,708:INFO:_display_container: 2
2025-11-07 10:30:14,709:INFO:DecisionTreeClassifier(ccp_alpha=0.0, class_weight=None, criterion='gini',
                       max_depth=None, max_features=None, max_leaf_nodes=None,
                       min_impurity_decrease=0.0, min_samples_leaf=1,
                       min_samples_split=2, min_weight_fraction_leaf=0.0,
                       monotonic_cst=None, random_state=8903, splitter='best')
2025-11-07 10:30:14,709:INFO:create_model() successfully completed......................................
2025-11-07 10:30:15,128:INFO:SubProcess create_model() end ==================================
2025-11-07 10:30:15,128:INFO:Creating metrics dataframe
2025-11-07 10:30:15,151:INFO:Initializing SVM - Linear Kernel
2025-11-07 10:30:15,152:INFO:Total runtime is 8.635938882827759 minutes
2025-11-07 10:30:15,165:INFO:SubProcess create_model() called ==================================
2025-11-07 10:30:15,166:INFO:Initializing create_model()
2025-11-07 10:30:15,166:INFO:create_model(self=<pycaret.classification.oop.ClassificationExperiment object at 0x0000029ED36E4BD0>, estimator=svm, fold=StratifiedKFold(n_splits=10, random_state=None, shuffle=False), round=4, cross_validation=True, predict=True, fit_kwargs={}, groups=None, refit=False, probability_threshold=None, experiment_custom_tags=None, verbose=False, system=False, add_to_model_list=True, metrics=None, display=<pycaret.internal.display.display.CommonDisplay object at 0x0000029ED21B0D90>, model_only=True, return_train_score=False, error_score=0.0, kwargs={})
2025-11-07 10:30:15,166:INFO:Checking exceptions
2025-11-07 10:30:15,166:INFO:Importing libraries
2025-11-07 10:30:15,166:INFO:Copying training dataset
2025-11-07 10:30:15,590:INFO:Defining folds
2025-11-07 10:30:15,592:INFO:Declaring metric variables
2025-11-07 10:30:15,603:INFO:Importing untrained model
2025-11-07 10:30:15,619:INFO:SVM - Linear Kernel Imported successfully
2025-11-07 10:30:15,649:INFO:Starting cross validation
2025-11-07 10:30:15,653:INFO:Cross validating with StratifiedKFold(n_splits=10, random_state=None, shuffle=False), n_jobs=-1
2025-11-07 10:32:55,929:INFO:Calculating mean and std
2025-11-07 10:32:55,931:INFO:Creating metrics dataframe
2025-11-07 10:32:55,937:INFO:Uploading results into container
2025-11-07 10:32:55,938:INFO:Uploading model into container now
2025-11-07 10:32:55,939:INFO:_master_model_container: 5
2025-11-07 10:32:55,939:INFO:_display_container: 2
2025-11-07 10:32:55,940:INFO:SGDClassifier(alpha=0.0001, average=False, class_weight=None,
              early_stopping=False, epsilon=0.1, eta0=0.001, fit_intercept=True,
              l1_ratio=0.15, learning_rate='optimal', loss='hinge',
              max_iter=1000, n_iter_no_change=5, n_jobs=-1, penalty='l2',
              power_t=0.5, random_state=8903, shuffle=True, tol=0.001,
              validation_fraction=0.1, verbose=0, warm_start=False)
2025-11-07 10:32:55,940:INFO:create_model() successfully completed......................................
2025-11-07 10:32:56,300:INFO:SubProcess create_model() end ==================================
2025-11-07 10:32:56,300:INFO:Creating metrics dataframe
2025-11-07 10:32:56,323:INFO:Initializing Ridge Classifier
2025-11-07 10:32:56,324:INFO:Total runtime is 11.322136453787486 minutes
2025-11-07 10:32:56,333:INFO:SubProcess create_model() called ==================================
2025-11-07 10:32:56,333:INFO:Initializing create_model()
2025-11-07 10:32:56,333:INFO:create_model(self=<pycaret.classification.oop.ClassificationExperiment object at 0x0000029ED36E4BD0>, estimator=ridge, fold=StratifiedKFold(n_splits=10, random_state=None, shuffle=False), round=4, cross_validation=True, predict=True, fit_kwargs={}, groups=None, refit=False, probability_threshold=None, experiment_custom_tags=None, verbose=False, system=False, add_to_model_list=True, metrics=None, display=<pycaret.internal.display.display.CommonDisplay object at 0x0000029ED21B0D90>, model_only=True, return_train_score=False, error_score=0.0, kwargs={})
2025-11-07 10:32:56,334:INFO:Checking exceptions
2025-11-07 10:32:56,334:INFO:Importing libraries
2025-11-07 10:32:56,334:INFO:Copying training dataset
2025-11-07 10:32:56,596:INFO:Defining folds
2025-11-07 10:32:56,596:INFO:Declaring metric variables
2025-11-07 10:32:56,601:INFO:Importing untrained model
2025-11-07 10:32:56,615:INFO:Ridge Classifier Imported successfully
2025-11-07 10:32:56,648:INFO:Starting cross validation
2025-11-07 10:32:56,652:INFO:Cross validating with StratifiedKFold(n_splits=10, random_state=None, shuffle=False), n_jobs=-1
2025-11-07 10:33:29,206:INFO:Calculating mean and std
2025-11-07 10:33:29,210:INFO:Creating metrics dataframe
2025-11-07 10:33:29,215:INFO:Uploading results into container
2025-11-07 10:33:29,216:INFO:Uploading model into container now
2025-11-07 10:33:29,217:INFO:_master_model_container: 6
2025-11-07 10:33:29,219:INFO:_display_container: 2
2025-11-07 10:33:29,221:INFO:RidgeClassifier(alpha=1.0, class_weight=None, copy_X=True, fit_intercept=True,
                max_iter=None, positive=False, random_state=8903, solver='auto',
                tol=0.0001)
2025-11-07 10:33:29,221:INFO:create_model() successfully completed......................................
2025-11-07 10:33:29,568:INFO:SubProcess create_model() end ==================================
2025-11-07 10:33:29,569:INFO:Creating metrics dataframe
2025-11-07 10:33:29,582:INFO:Initializing Random Forest Classifier
2025-11-07 10:33:29,582:INFO:Total runtime is 11.87643869717916 minutes
2025-11-07 10:33:29,587:INFO:SubProcess create_model() called ==================================
2025-11-07 10:33:29,588:INFO:Initializing create_model()
2025-11-07 10:33:29,588:INFO:create_model(self=<pycaret.classification.oop.ClassificationExperiment object at 0x0000029ED36E4BD0>, estimator=rf, fold=StratifiedKFold(n_splits=10, random_state=None, shuffle=False), round=4, cross_validation=True, predict=True, fit_kwargs={}, groups=None, refit=False, probability_threshold=None, experiment_custom_tags=None, verbose=False, system=False, add_to_model_list=True, metrics=None, display=<pycaret.internal.display.display.CommonDisplay object at 0x0000029ED21B0D90>, model_only=True, return_train_score=False, error_score=0.0, kwargs={})
2025-11-07 10:33:29,590:INFO:Checking exceptions
2025-11-07 10:33:29,590:INFO:Importing libraries
2025-11-07 10:33:29,590:INFO:Copying training dataset
2025-11-07 10:33:29,833:INFO:Defining folds
2025-11-07 10:33:29,833:INFO:Declaring metric variables
2025-11-07 10:33:29,848:INFO:Importing untrained model
2025-11-07 10:33:29,858:INFO:Random Forest Classifier Imported successfully
2025-11-07 10:33:29,884:INFO:Starting cross validation
2025-11-07 10:33:29,889:INFO:Cross validating with StratifiedKFold(n_splits=10, random_state=None, shuffle=False), n_jobs=-1
2025-11-07 10:39:40,075:INFO:PyCaret ClassificationExperiment
2025-11-07 10:39:40,075:INFO:Logging name: clf-default-name
2025-11-07 10:39:40,075:INFO:ML Usecase: MLUsecase.CLASSIFICATION
2025-11-07 10:39:40,076:INFO:version 3.3.2
2025-11-07 10:39:40,076:INFO:Initializing setup()
2025-11-07 10:39:40,076:INFO:self.USI: 30fe
2025-11-07 10:39:40,076:INFO:self._variable_keys: {'USI', 'X', 'is_multiclass', '_ml_usecase', 'fold_groups_param', 'pipeline', 'seed', 'fix_imbalance', 'html_param', 'data', 'n_jobs_param', 'logging_param', 'fold_generator', 'exp_id', 'gpu_param', 'X_test', 'y_train', 'X_train', 'idx', 'memory', 'y_test', 'gpu_n_jobs_param', '_available_plots', 'y', 'log_plots_param', 'exp_name_log', 'target_param', 'fold_shuffle_param'}
2025-11-07 10:39:40,076:INFO:Checking environment
2025-11-07 10:39:40,077:INFO:python_version: 3.11.3
2025-11-07 10:39:40,077:INFO:python_build: ('tags/v3.11.3:f3909b8', 'Apr  4 2023 23:49:59')
2025-11-07 10:39:40,077:INFO:machine: AMD64
2025-11-07 10:39:40,077:INFO:platform: Windows-10-10.0.19045-SP0
2025-11-07 10:39:40,082:INFO:Memory: svmem(total=17063763968, available=8338051072, percent=51.1, used=8725712896, free=8338051072)
2025-11-07 10:39:40,082:INFO:Physical Core: 2
2025-11-07 10:39:40,082:INFO:Logical Core: 4
2025-11-07 10:39:40,082:INFO:Checking libraries
2025-11-07 10:39:40,082:INFO:System:
2025-11-07 10:39:40,083:INFO:    python: 3.11.3 (tags/v3.11.3:f3909b8, Apr  4 2023, 23:49:59) [MSC v.1934 64 bit (AMD64)]
2025-11-07 10:39:40,083:INFO:executable: c:\Users\ACER\AppData\Local\Programs\Python\Python311\python.exe
2025-11-07 10:39:40,083:INFO:   machine: Windows-10-10.0.19045-SP0
2025-11-07 10:39:40,083:INFO:PyCaret required dependencies:
2025-11-07 10:39:40,083:INFO:                 pip: 22.3.1
2025-11-07 10:39:40,083:INFO:          setuptools: 65.5.0
2025-11-07 10:39:40,084:INFO:             pycaret: 3.3.2
2025-11-07 10:39:40,084:INFO:             IPython: 8.23.0
2025-11-07 10:39:40,084:INFO:          ipywidgets: 8.1.7
2025-11-07 10:39:40,084:INFO:                tqdm: 4.67.1
2025-11-07 10:39:40,084:INFO:               numpy: 1.26.4
2025-11-07 10:39:40,084:INFO:              pandas: 2.1.4
2025-11-07 10:39:40,084:INFO:              jinja2: 3.1.6
2025-11-07 10:39:40,084:INFO:               scipy: 1.11.4
2025-11-07 10:39:40,085:INFO:              joblib: 1.3.2
2025-11-07 10:39:40,085:INFO:             sklearn: 1.4.2
2025-11-07 10:39:40,085:INFO:                pyod: 2.0.5
2025-11-07 10:39:40,085:INFO:            imblearn: 0.14.0
2025-11-07 10:39:40,085:INFO:   category_encoders: 2.7.0
2025-11-07 10:39:40,085:INFO:            lightgbm: 4.6.0
2025-11-07 10:39:40,085:INFO:               numba: 0.62.1
2025-11-07 10:39:40,085:INFO:            requests: 2.32.5
2025-11-07 10:39:40,086:INFO:          matplotlib: 3.7.5
2025-11-07 10:39:40,086:INFO:          scikitplot: 0.3.7
2025-11-07 10:39:40,086:INFO:         yellowbrick: 1.5
2025-11-07 10:39:40,086:INFO:              plotly: 6.3.0
2025-11-07 10:39:40,086:INFO:    plotly-resampler: Not installed
2025-11-07 10:39:40,086:INFO:             kaleido: 1.2.0
2025-11-07 10:39:40,086:INFO:           schemdraw: 0.15
2025-11-07 10:39:40,086:INFO:         statsmodels: 0.14.5
2025-11-07 10:39:40,086:INFO:              sktime: 0.26.0
2025-11-07 10:39:40,096:INFO:               tbats: 1.1.3
2025-11-07 10:39:40,096:INFO:            pmdarima: 2.0.4
2025-11-07 10:39:40,097:INFO:              psutil: 5.9.8
2025-11-07 10:39:40,097:INFO:          markupsafe: 3.0.3
2025-11-07 10:39:40,097:INFO:             pickle5: Not installed
2025-11-07 10:39:40,097:INFO:         cloudpickle: 3.1.2
2025-11-07 10:39:40,097:INFO:         deprecation: 2.1.0
2025-11-07 10:39:40,097:INFO:              xxhash: 3.6.0
2025-11-07 10:39:40,098:INFO:           wurlitzer: Not installed
2025-11-07 10:39:40,098:INFO:PyCaret optional dependencies:
2025-11-07 10:39:40,098:INFO:                shap: 0.49.1
2025-11-07 10:39:40,098:INFO:           interpret: Not installed
2025-11-07 10:39:40,099:INFO:                umap: Not installed
2025-11-07 10:39:40,099:INFO:     ydata_profiling: Not installed
2025-11-07 10:39:40,099:INFO:  explainerdashboard: Not installed
2025-11-07 10:39:40,099:INFO:             autoviz: Not installed
2025-11-07 10:39:40,099:INFO:           fairlearn: Not installed
2025-11-07 10:39:40,100:INFO:          deepchecks: Not installed
2025-11-07 10:39:40,100:INFO:             xgboost: Not installed
2025-11-07 10:39:40,100:INFO:            catboost: Not installed
2025-11-07 10:39:40,100:INFO:              kmodes: Not installed
2025-11-07 10:39:40,100:INFO:             mlxtend: Not installed
2025-11-07 10:39:40,100:INFO:       statsforecast: Not installed
2025-11-07 10:39:40,100:INFO:        tune_sklearn: Not installed
2025-11-07 10:39:40,101:INFO:                 ray: Not installed
2025-11-07 10:39:40,101:INFO:            hyperopt: Not installed
2025-11-07 10:39:40,101:INFO:              optuna: 4.5.0
2025-11-07 10:39:40,101:INFO:               skopt: Not installed
2025-11-07 10:39:40,101:INFO:              mlflow: Not installed
2025-11-07 10:39:40,101:INFO:              gradio: Not installed
2025-11-07 10:39:40,101:INFO:             fastapi: Not installed
2025-11-07 10:39:40,101:INFO:             uvicorn: Not installed
2025-11-07 10:39:40,102:INFO:              m2cgen: Not installed
2025-11-07 10:39:40,102:INFO:           evidently: Not installed
2025-11-07 10:39:40,102:INFO:               fugue: Not installed
2025-11-07 10:39:40,102:INFO:           streamlit: Not installed
2025-11-07 10:39:40,102:INFO:             prophet: Not installed
2025-11-07 10:39:40,102:INFO:None
2025-11-07 10:39:40,102:INFO:Set up data.
2025-11-07 10:39:40,422:INFO:Set up folding strategy.
2025-11-07 10:39:40,423:INFO:Set up train/test split.
2025-11-07 10:39:40,423:INFO:Set up data.
2025-11-07 10:39:40,516:INFO:Set up index.
2025-11-07 10:39:40,521:INFO:Assigning column types.
2025-11-07 10:39:40,706:INFO:Engine successfully changes for model 'lr' to 'sklearn'.
2025-11-07 10:39:40,890:INFO:Engine for model 'knn' has not been set explicitly, hence returning None.
2025-11-07 10:39:40,893:INFO:Engine for model 'rbfsvm' has not been set explicitly, hence returning None.
2025-11-07 10:39:41,024:WARNING:
'xgboost' is a soft dependency and not included in the pycaret installation. Please run: `pip install xgboost` to install.
Alternately, you can install this by running `pip install pycaret[models]`
2025-11-07 10:39:41,024:WARNING:
'catboost' is a soft dependency and not included in the pycaret installation. Please run: `pip install catboost` to install.
Alternately, you can install this by running `pip install pycaret[models]`
2025-11-07 10:39:41,244:INFO:Engine for model 'knn' has not been set explicitly, hence returning None.
2025-11-07 10:39:41,246:INFO:Engine for model 'rbfsvm' has not been set explicitly, hence returning None.
2025-11-07 10:39:41,379:WARNING:
'xgboost' is a soft dependency and not included in the pycaret installation. Please run: `pip install xgboost` to install.
Alternately, you can install this by running `pip install pycaret[models]`
2025-11-07 10:39:41,380:WARNING:
'catboost' is a soft dependency and not included in the pycaret installation. Please run: `pip install catboost` to install.
Alternately, you can install this by running `pip install pycaret[models]`
2025-11-07 10:39:41,383:INFO:Engine successfully changes for model 'knn' to 'sklearn'.
2025-11-07 10:39:41,584:INFO:Engine for model 'rbfsvm' has not been set explicitly, hence returning None.
2025-11-07 10:39:41,870:WARNING:
'xgboost' is a soft dependency and not included in the pycaret installation. Please run: `pip install xgboost` to install.
Alternately, you can install this by running `pip install pycaret[models]`
2025-11-07 10:39:41,870:WARNING:
'catboost' is a soft dependency and not included in the pycaret installation. Please run: `pip install catboost` to install.
Alternately, you can install this by running `pip install pycaret[models]`
2025-11-07 10:39:42,061:INFO:Engine for model 'rbfsvm' has not been set explicitly, hence returning None.
2025-11-07 10:39:42,154:WARNING:
'xgboost' is a soft dependency and not included in the pycaret installation. Please run: `pip install xgboost` to install.
Alternately, you can install this by running `pip install pycaret[models]`
2025-11-07 10:39:42,154:WARNING:
'catboost' is a soft dependency and not included in the pycaret installation. Please run: `pip install catboost` to install.
Alternately, you can install this by running `pip install pycaret[models]`
2025-11-07 10:39:42,157:INFO:Engine successfully changes for model 'rbfsvm' to 'sklearn'.
2025-11-07 10:39:42,407:WARNING:
'xgboost' is a soft dependency and not included in the pycaret installation. Please run: `pip install xgboost` to install.
Alternately, you can install this by running `pip install pycaret[models]`
2025-11-07 10:39:42,408:WARNING:
'catboost' is a soft dependency and not included in the pycaret installation. Please run: `pip install catboost` to install.
Alternately, you can install this by running `pip install pycaret[models]`
2025-11-07 10:39:42,673:WARNING:
'xgboost' is a soft dependency and not included in the pycaret installation. Please run: `pip install xgboost` to install.
Alternately, you can install this by running `pip install pycaret[models]`
2025-11-07 10:39:42,673:WARNING:
'catboost' is a soft dependency and not included in the pycaret installation. Please run: `pip install catboost` to install.
Alternately, you can install this by running `pip install pycaret[models]`
2025-11-07 10:39:42,675:INFO:Preparing preprocessing pipeline...
2025-11-07 10:39:42,700:INFO:Set up simple imputation.
2025-11-07 10:39:42,700:INFO:Set up imbalanced handling.
2025-11-07 10:39:42,725:INFO:Set up column name cleaning.
2025-11-07 10:39:43,066:INFO:Finished creating preprocessing pipeline.
2025-11-07 10:39:43,078:INFO:Pipeline: Pipeline(memory=FastMemory(location=C:\Users\ACER\AppData\Local\Temp\joblib),
         steps=[('numerical_imputer',
                 TransformerWrapper(exclude=None,
                                    include=['MinTemp', 'MaxTemp', 'Rainfall',
                                             'Evaporation', 'Sunshine',
                                             'WindGustSpeed', 'WindSpeed9am',
                                             'WindSpeed3pm', 'Humidity9am',
                                             'Humidity3pm', 'Pressure9am',
                                             'Pressure3pm', 'Cloud9am',
                                             'Cloud3pm', 'Temp9am', 'Temp3pm',
                                             'Rai...
                                                              missing_values=nan,
                                                              strategy='most_frequent'))),
                ('balance',
                 TransformerWrapper(exclude=None, include=None,
                                    transformer=FixImbalancer(estimator=SMOTE(k_neighbors=5,
                                                                              random_state=None,
                                                                              sampling_strategy='auto')))),
                ('clean_column_names',
                 TransformerWrapper(exclude=None, include=None,
                                    transformer=CleanColumnNames(match='[\\]\\[\\,\\{\\}\\"\\:]+')))],
         verbose=False)
2025-11-07 10:39:43,078:INFO:Creating final display dataframe.
2025-11-07 10:39:44,155:INFO:Setup _display_container:                     Description             Value
0                    Session id              5514
1                        Target      RainTomorrow
2                   Target type            Binary
3           Original data shape      (126969, 34)
4        Transformed data shape      (181358, 34)
5   Transformed train set shape      (153142, 34)
6    Transformed test set shape       (28216, 34)
7              Numeric features                33
8                    Preprocess              True
9               Imputation type            simple
10           Numeric imputation              mean
11       Categorical imputation              mode
12                Fix imbalance              True
13         Fix imbalance method             SMOTE
14               Fold Generator   StratifiedKFold
15                  Fold Number                10
16                     CPU Jobs                -1
17                      Use GPU             False
18               Log Experiment             False
19              Experiment Name  clf-default-name
20                          USI              30fe
2025-11-07 10:39:44,556:WARNING:
'xgboost' is a soft dependency and not included in the pycaret installation. Please run: `pip install xgboost` to install.
Alternately, you can install this by running `pip install pycaret[models]`
2025-11-07 10:39:44,557:WARNING:
'catboost' is a soft dependency and not included in the pycaret installation. Please run: `pip install catboost` to install.
Alternately, you can install this by running `pip install pycaret[models]`
2025-11-07 10:39:45,042:WARNING:
'xgboost' is a soft dependency and not included in the pycaret installation. Please run: `pip install xgboost` to install.
Alternately, you can install this by running `pip install pycaret[models]`
2025-11-07 10:39:45,043:WARNING:
'catboost' is a soft dependency and not included in the pycaret installation. Please run: `pip install catboost` to install.
Alternately, you can install this by running `pip install pycaret[models]`
2025-11-07 10:39:45,045:INFO:setup() successfully completed in 4.98s...............
2025-11-07 10:40:06,269:INFO:PyCaret ClassificationExperiment
2025-11-07 10:40:06,269:INFO:Logging name: clf-default-name
2025-11-07 10:40:06,270:INFO:ML Usecase: MLUsecase.CLASSIFICATION
2025-11-07 10:40:06,270:INFO:version 3.3.2
2025-11-07 10:40:06,270:INFO:Initializing setup()
2025-11-07 10:40:06,270:INFO:self.USI: 5e77
2025-11-07 10:40:06,271:INFO:self._variable_keys: {'USI', 'X', 'is_multiclass', '_ml_usecase', 'fold_groups_param', 'pipeline', 'seed', 'fix_imbalance', 'html_param', 'data', 'n_jobs_param', 'logging_param', 'fold_generator', 'exp_id', 'gpu_param', 'X_test', 'y_train', 'X_train', 'idx', 'memory', 'y_test', 'gpu_n_jobs_param', '_available_plots', 'y', 'log_plots_param', 'exp_name_log', 'target_param', 'fold_shuffle_param'}
2025-11-07 10:40:06,271:INFO:Checking environment
2025-11-07 10:40:06,271:INFO:python_version: 3.11.3
2025-11-07 10:40:06,271:INFO:python_build: ('tags/v3.11.3:f3909b8', 'Apr  4 2023 23:49:59')
2025-11-07 10:40:06,271:INFO:machine: AMD64
2025-11-07 10:40:06,271:INFO:platform: Windows-10-10.0.19045-SP0
2025-11-07 10:40:06,275:INFO:Memory: svmem(total=17063763968, available=8170741760, percent=52.1, used=8893022208, free=8170741760)
2025-11-07 10:40:06,276:INFO:Physical Core: 2
2025-11-07 10:40:06,276:INFO:Logical Core: 4
2025-11-07 10:40:06,276:INFO:Checking libraries
2025-11-07 10:40:06,276:INFO:System:
2025-11-07 10:40:06,276:INFO:    python: 3.11.3 (tags/v3.11.3:f3909b8, Apr  4 2023, 23:49:59) [MSC v.1934 64 bit (AMD64)]
2025-11-07 10:40:06,277:INFO:executable: c:\Users\ACER\AppData\Local\Programs\Python\Python311\python.exe
2025-11-07 10:40:06,277:INFO:   machine: Windows-10-10.0.19045-SP0
2025-11-07 10:40:06,277:INFO:PyCaret required dependencies:
2025-11-07 10:40:06,277:INFO:                 pip: 22.3.1
2025-11-07 10:40:06,277:INFO:          setuptools: 65.5.0
2025-11-07 10:40:06,277:INFO:             pycaret: 3.3.2
2025-11-07 10:40:06,278:INFO:             IPython: 8.23.0
2025-11-07 10:40:06,278:INFO:          ipywidgets: 8.1.7
2025-11-07 10:40:06,278:INFO:                tqdm: 4.67.1
2025-11-07 10:40:06,278:INFO:               numpy: 1.26.4
2025-11-07 10:40:06,278:INFO:              pandas: 2.1.4
2025-11-07 10:40:06,278:INFO:              jinja2: 3.1.6
2025-11-07 10:40:06,278:INFO:               scipy: 1.11.4
2025-11-07 10:40:06,278:INFO:              joblib: 1.3.2
2025-11-07 10:40:06,279:INFO:             sklearn: 1.4.2
2025-11-07 10:40:06,279:INFO:                pyod: 2.0.5
2025-11-07 10:40:06,279:INFO:            imblearn: 0.14.0
2025-11-07 10:40:06,279:INFO:   category_encoders: 2.7.0
2025-11-07 10:40:06,279:INFO:            lightgbm: 4.6.0
2025-11-07 10:40:06,280:INFO:               numba: 0.62.1
2025-11-07 10:40:06,280:INFO:            requests: 2.32.5
2025-11-07 10:40:06,280:INFO:          matplotlib: 3.7.5
2025-11-07 10:40:06,280:INFO:          scikitplot: 0.3.7
2025-11-07 10:40:06,280:INFO:         yellowbrick: 1.5
2025-11-07 10:40:06,281:INFO:              plotly: 6.3.0
2025-11-07 10:40:06,281:INFO:    plotly-resampler: Not installed
2025-11-07 10:40:06,281:INFO:             kaleido: 1.2.0
2025-11-07 10:40:06,281:INFO:           schemdraw: 0.15
2025-11-07 10:40:06,281:INFO:         statsmodels: 0.14.5
2025-11-07 10:40:06,281:INFO:              sktime: 0.26.0
2025-11-07 10:40:06,281:INFO:               tbats: 1.1.3
2025-11-07 10:40:06,282:INFO:            pmdarima: 2.0.4
2025-11-07 10:40:06,282:INFO:              psutil: 5.9.8
2025-11-07 10:40:06,282:INFO:          markupsafe: 3.0.3
2025-11-07 10:40:06,282:INFO:             pickle5: Not installed
2025-11-07 10:40:06,282:INFO:         cloudpickle: 3.1.2
2025-11-07 10:40:06,283:INFO:         deprecation: 2.1.0
2025-11-07 10:40:06,283:INFO:              xxhash: 3.6.0
2025-11-07 10:40:06,283:INFO:           wurlitzer: Not installed
2025-11-07 10:40:06,283:INFO:PyCaret optional dependencies:
2025-11-07 10:40:06,283:INFO:                shap: 0.49.1
2025-11-07 10:40:06,284:INFO:           interpret: Not installed
2025-11-07 10:40:06,284:INFO:                umap: Not installed
2025-11-07 10:40:06,284:INFO:     ydata_profiling: Not installed
2025-11-07 10:40:06,284:INFO:  explainerdashboard: Not installed
2025-11-07 10:40:06,284:INFO:             autoviz: Not installed
2025-11-07 10:40:06,284:INFO:           fairlearn: Not installed
2025-11-07 10:40:06,284:INFO:          deepchecks: Not installed
2025-11-07 10:40:06,285:INFO:             xgboost: Not installed
2025-11-07 10:40:06,285:INFO:            catboost: Not installed
2025-11-07 10:40:06,285:INFO:              kmodes: Not installed
2025-11-07 10:40:06,285:INFO:             mlxtend: Not installed
2025-11-07 10:40:06,285:INFO:       statsforecast: Not installed
2025-11-07 10:40:06,285:INFO:        tune_sklearn: Not installed
2025-11-07 10:40:06,285:INFO:                 ray: Not installed
2025-11-07 10:40:06,286:INFO:            hyperopt: Not installed
2025-11-07 10:40:06,286:INFO:              optuna: 4.5.0
2025-11-07 10:40:06,286:INFO:               skopt: Not installed
2025-11-07 10:40:06,286:INFO:              mlflow: Not installed
2025-11-07 10:40:06,286:INFO:              gradio: Not installed
2025-11-07 10:40:06,286:INFO:             fastapi: Not installed
2025-11-07 10:40:06,286:INFO:             uvicorn: Not installed
2025-11-07 10:40:06,286:INFO:              m2cgen: Not installed
2025-11-07 10:40:06,287:INFO:           evidently: Not installed
2025-11-07 10:40:06,287:INFO:               fugue: Not installed
2025-11-07 10:40:06,287:INFO:           streamlit: Not installed
2025-11-07 10:40:06,287:INFO:             prophet: Not installed
2025-11-07 10:40:06,287:INFO:None
2025-11-07 10:40:06,287:INFO:Set up data.
2025-11-07 10:40:06,409:INFO:Set up folding strategy.
2025-11-07 10:40:06,409:INFO:Set up train/test split.
2025-11-07 10:40:06,410:INFO:Set up data.
2025-11-07 10:40:06,477:INFO:Set up index.
2025-11-07 10:40:06,493:INFO:Assigning column types.
2025-11-07 10:40:06,686:INFO:Engine successfully changes for model 'lr' to 'sklearn'.
2025-11-07 10:40:06,916:INFO:Engine for model 'knn' has not been set explicitly, hence returning None.
2025-11-07 10:40:06,919:INFO:Engine for model 'rbfsvm' has not been set explicitly, hence returning None.
2025-11-07 10:40:07,028:WARNING:
'xgboost' is a soft dependency and not included in the pycaret installation. Please run: `pip install xgboost` to install.
Alternately, you can install this by running `pip install pycaret[models]`
2025-11-07 10:40:07,028:WARNING:
'catboost' is a soft dependency and not included in the pycaret installation. Please run: `pip install catboost` to install.
Alternately, you can install this by running `pip install pycaret[models]`
2025-11-07 10:40:07,180:INFO:Engine for model 'knn' has not been set explicitly, hence returning None.
2025-11-07 10:40:07,181:INFO:Engine for model 'rbfsvm' has not been set explicitly, hence returning None.
2025-11-07 10:40:07,265:WARNING:
'xgboost' is a soft dependency and not included in the pycaret installation. Please run: `pip install xgboost` to install.
Alternately, you can install this by running `pip install pycaret[models]`
2025-11-07 10:40:07,266:WARNING:
'catboost' is a soft dependency and not included in the pycaret installation. Please run: `pip install catboost` to install.
Alternately, you can install this by running `pip install pycaret[models]`
2025-11-07 10:40:07,267:INFO:Engine successfully changes for model 'knn' to 'sklearn'.
2025-11-07 10:40:07,717:INFO:Engine for model 'rbfsvm' has not been set explicitly, hence returning None.
2025-11-07 10:40:07,828:WARNING:
'xgboost' is a soft dependency and not included in the pycaret installation. Please run: `pip install xgboost` to install.
Alternately, you can install this by running `pip install pycaret[models]`
2025-11-07 10:40:07,829:WARNING:
'catboost' is a soft dependency and not included in the pycaret installation. Please run: `pip install catboost` to install.
Alternately, you can install this by running `pip install pycaret[models]`
2025-11-07 10:40:08,194:INFO:Engine for model 'rbfsvm' has not been set explicitly, hence returning None.
2025-11-07 10:40:08,297:WARNING:
'xgboost' is a soft dependency and not included in the pycaret installation. Please run: `pip install xgboost` to install.
Alternately, you can install this by running `pip install pycaret[models]`
2025-11-07 10:40:08,297:WARNING:
'catboost' is a soft dependency and not included in the pycaret installation. Please run: `pip install catboost` to install.
Alternately, you can install this by running `pip install pycaret[models]`
2025-11-07 10:40:08,298:INFO:Engine successfully changes for model 'rbfsvm' to 'sklearn'.
2025-11-07 10:40:08,596:WARNING:
'xgboost' is a soft dependency and not included in the pycaret installation. Please run: `pip install xgboost` to install.
Alternately, you can install this by running `pip install pycaret[models]`
2025-11-07 10:40:08,597:WARNING:
'catboost' is a soft dependency and not included in the pycaret installation. Please run: `pip install catboost` to install.
Alternately, you can install this by running `pip install pycaret[models]`
2025-11-07 10:40:08,917:WARNING:
'xgboost' is a soft dependency and not included in the pycaret installation. Please run: `pip install xgboost` to install.
Alternately, you can install this by running `pip install pycaret[models]`
2025-11-07 10:40:08,917:WARNING:
'catboost' is a soft dependency and not included in the pycaret installation. Please run: `pip install catboost` to install.
Alternately, you can install this by running `pip install pycaret[models]`
2025-11-07 10:40:08,920:INFO:Preparing preprocessing pipeline...
2025-11-07 10:40:08,947:INFO:Set up simple imputation.
2025-11-07 10:40:08,972:INFO:Set up column name cleaning.
2025-11-07 10:40:09,193:INFO:Finished creating preprocessing pipeline.
2025-11-07 10:40:09,200:INFO:Pipeline: Pipeline(memory=FastMemory(location=C:\Users\ACER\AppData\Local\Temp\joblib),
         steps=[('numerical_imputer',
                 TransformerWrapper(exclude=None,
                                    include=['MinTemp', 'MaxTemp', 'Rainfall',
                                             'Evaporation', 'Sunshine',
                                             'WindGustSpeed', 'WindSpeed9am',
                                             'WindSpeed3pm', 'Humidity9am',
                                             'Humidity3pm', 'Pressure9am',
                                             'Pressure3pm', 'Cloud9am',
                                             'Cloud3pm', 'Temp9am', 'Temp3pm',
                                             'Rai...
                ('categorical_imputer',
                 TransformerWrapper(exclude=None, include=[],
                                    transformer=SimpleImputer(add_indicator=False,
                                                              copy=True,
                                                              fill_value=None,
                                                              keep_empty_features=False,
                                                              missing_values=nan,
                                                              strategy='most_frequent'))),
                ('clean_column_names',
                 TransformerWrapper(exclude=None, include=None,
                                    transformer=CleanColumnNames(match='[\\]\\[\\,\\{\\}\\"\\:]+')))],
         verbose=False)
2025-11-07 10:40:09,201:INFO:Creating final display dataframe.
2025-11-07 10:40:09,903:INFO:Setup _display_container:                     Description             Value
0                    Session id              6322
1                        Target      RainTomorrow
2                   Target type            Binary
3           Original data shape      (126969, 34)
4        Transformed data shape      (126969, 34)
5   Transformed train set shape       (98753, 34)
6    Transformed test set shape       (28216, 34)
7              Numeric features                33
8                    Preprocess              True
9               Imputation type            simple
10           Numeric imputation              mean
11       Categorical imputation              mode
12               Fold Generator   StratifiedKFold
13                  Fold Number                10
14                     CPU Jobs                -1
15                      Use GPU             False
16               Log Experiment             False
17              Experiment Name  clf-default-name
18                          USI              5e77
2025-11-07 10:40:10,235:WARNING:
'xgboost' is a soft dependency and not included in the pycaret installation. Please run: `pip install xgboost` to install.
Alternately, you can install this by running `pip install pycaret[models]`
2025-11-07 10:40:10,235:WARNING:
'catboost' is a soft dependency and not included in the pycaret installation. Please run: `pip install catboost` to install.
Alternately, you can install this by running `pip install pycaret[models]`
2025-11-07 10:40:10,669:WARNING:
'xgboost' is a soft dependency and not included in the pycaret installation. Please run: `pip install xgboost` to install.
Alternately, you can install this by running `pip install pycaret[models]`
2025-11-07 10:40:10,670:WARNING:
'catboost' is a soft dependency and not included in the pycaret installation. Please run: `pip install catboost` to install.
Alternately, you can install this by running `pip install pycaret[models]`
2025-11-07 10:40:10,673:INFO:setup() successfully completed in 4.42s...............
2025-11-07 10:40:21,920:INFO:Initializing compare_models()
2025-11-07 10:40:21,920:INFO:compare_models(self=<pycaret.classification.oop.ClassificationExperiment object at 0x0000029ECEF82150>, include=None, exclude=None, fold=None, round=4, cross_validation=True, sort=Accuracy, n_select=1, budget_time=None, turbo=True, errors=ignore, fit_kwargs=None, groups=None, experiment_custom_tags=None, probability_threshold=None, verbose=True, parallel=None, caller_params={'self': <pycaret.classification.oop.ClassificationExperiment object at 0x0000029ECEF82150>, 'include': None, 'exclude': None, 'fold': None, 'round': 4, 'cross_validation': True, 'sort': 'Accuracy', 'n_select': 1, 'budget_time': None, 'turbo': True, 'errors': 'ignore', 'fit_kwargs': None, 'groups': None, 'experiment_custom_tags': None, 'probability_threshold': None, 'engine': None, 'verbose': True, 'parallel': None, '__class__': <class 'pycaret.classification.oop.ClassificationExperiment'>})
2025-11-07 10:40:21,920:INFO:Checking exceptions
2025-11-07 10:40:22,117:INFO:Preparing display monitor
2025-11-07 10:40:22,266:INFO:Initializing Logistic Regression
2025-11-07 10:40:22,267:INFO:Total runtime is 1.6661485036214194e-05 minutes
2025-11-07 10:40:22,277:INFO:SubProcess create_model() called ==================================
2025-11-07 10:40:22,278:INFO:Initializing create_model()
2025-11-07 10:40:22,278:INFO:create_model(self=<pycaret.classification.oop.ClassificationExperiment object at 0x0000029ECEF82150>, estimator=lr, fold=StratifiedKFold(n_splits=10, random_state=None, shuffle=False), round=4, cross_validation=True, predict=True, fit_kwargs={}, groups=None, refit=False, probability_threshold=None, experiment_custom_tags=None, verbose=False, system=False, add_to_model_list=True, metrics=None, display=<pycaret.internal.display.display.CommonDisplay object at 0x0000029ED3C0BF10>, model_only=True, return_train_score=False, error_score=0.0, kwargs={})
2025-11-07 10:40:22,278:INFO:Checking exceptions
2025-11-07 10:40:22,279:INFO:Importing libraries
2025-11-07 10:40:22,279:INFO:Copying training dataset
2025-11-07 10:40:22,800:INFO:Defining folds
2025-11-07 10:40:22,800:INFO:Declaring metric variables
2025-11-07 10:40:22,806:INFO:Importing untrained model
2025-11-07 10:40:22,820:INFO:Logistic Regression Imported successfully
2025-11-07 10:40:22,844:INFO:Starting cross validation
2025-11-07 10:40:22,850:INFO:Cross validating with StratifiedKFold(n_splits=10, random_state=None, shuffle=False), n_jobs=-1
2025-11-07 10:41:10,993:WARNING:c:\Users\ACER\AppData\Local\Programs\Python\Python311\Lib\site-packages\sklearn\linear_model\_logistic.py:469: ConvergenceWarning: lbfgs failed to converge (status=1):
STOP: TOTAL NO. of ITERATIONS REACHED LIMIT.

Increase the number of iterations (max_iter) or scale the data as shown in:
    https://scikit-learn.org/stable/modules/preprocessing.html
Please also refer to the documentation for alternative solver options:
    https://scikit-learn.org/stable/modules/linear_model.html#logistic-regression
  n_iter_i = _check_optimize_result(

2025-11-07 10:41:11,328:WARNING:c:\Users\ACER\AppData\Local\Programs\Python\Python311\Lib\site-packages\sklearn\linear_model\_logistic.py:469: ConvergenceWarning: lbfgs failed to converge (status=1):
STOP: TOTAL NO. of ITERATIONS REACHED LIMIT.

Increase the number of iterations (max_iter) or scale the data as shown in:
    https://scikit-learn.org/stable/modules/preprocessing.html
Please also refer to the documentation for alternative solver options:
    https://scikit-learn.org/stable/modules/linear_model.html#logistic-regression
  n_iter_i = _check_optimize_result(

2025-11-07 10:41:11,361:WARNING:c:\Users\ACER\AppData\Local\Programs\Python\Python311\Lib\site-packages\sklearn\linear_model\_logistic.py:469: ConvergenceWarning: lbfgs failed to converge (status=1):
STOP: TOTAL NO. of ITERATIONS REACHED LIMIT.

Increase the number of iterations (max_iter) or scale the data as shown in:
    https://scikit-learn.org/stable/modules/preprocessing.html
Please also refer to the documentation for alternative solver options:
    https://scikit-learn.org/stable/modules/linear_model.html#logistic-regression
  n_iter_i = _check_optimize_result(

2025-11-07 10:41:11,376:WARNING:c:\Users\ACER\AppData\Local\Programs\Python\Python311\Lib\site-packages\sklearn\linear_model\_logistic.py:469: ConvergenceWarning: lbfgs failed to converge (status=1):
STOP: TOTAL NO. of ITERATIONS REACHED LIMIT.

Increase the number of iterations (max_iter) or scale the data as shown in:
    https://scikit-learn.org/stable/modules/preprocessing.html
Please also refer to the documentation for alternative solver options:
    https://scikit-learn.org/stable/modules/linear_model.html#logistic-regression
  n_iter_i = _check_optimize_result(

2025-11-07 10:41:41,045:WARNING:c:\Users\ACER\AppData\Local\Programs\Python\Python311\Lib\site-packages\sklearn\linear_model\_logistic.py:469: ConvergenceWarning: lbfgs failed to converge (status=1):
STOP: TOTAL NO. of ITERATIONS REACHED LIMIT.

Increase the number of iterations (max_iter) or scale the data as shown in:
    https://scikit-learn.org/stable/modules/preprocessing.html
Please also refer to the documentation for alternative solver options:
    https://scikit-learn.org/stable/modules/linear_model.html#logistic-regression
  n_iter_i = _check_optimize_result(

2025-11-07 10:41:41,116:WARNING:c:\Users\ACER\AppData\Local\Programs\Python\Python311\Lib\site-packages\sklearn\linear_model\_logistic.py:469: ConvergenceWarning: lbfgs failed to converge (status=1):
STOP: TOTAL NO. of ITERATIONS REACHED LIMIT.

Increase the number of iterations (max_iter) or scale the data as shown in:
    https://scikit-learn.org/stable/modules/preprocessing.html
Please also refer to the documentation for alternative solver options:
    https://scikit-learn.org/stable/modules/linear_model.html#logistic-regression
  n_iter_i = _check_optimize_result(

2025-11-07 10:41:41,197:WARNING:c:\Users\ACER\AppData\Local\Programs\Python\Python311\Lib\site-packages\sklearn\linear_model\_logistic.py:469: ConvergenceWarning: lbfgs failed to converge (status=1):
STOP: TOTAL NO. of ITERATIONS REACHED LIMIT.

Increase the number of iterations (max_iter) or scale the data as shown in:
    https://scikit-learn.org/stable/modules/preprocessing.html
Please also refer to the documentation for alternative solver options:
    https://scikit-learn.org/stable/modules/linear_model.html#logistic-regression
  n_iter_i = _check_optimize_result(

2025-11-07 10:41:41,829:WARNING:c:\Users\ACER\AppData\Local\Programs\Python\Python311\Lib\site-packages\sklearn\linear_model\_logistic.py:469: ConvergenceWarning: lbfgs failed to converge (status=1):
STOP: TOTAL NO. of ITERATIONS REACHED LIMIT.

Increase the number of iterations (max_iter) or scale the data as shown in:
    https://scikit-learn.org/stable/modules/preprocessing.html
Please also refer to the documentation for alternative solver options:
    https://scikit-learn.org/stable/modules/linear_model.html#logistic-regression
  n_iter_i = _check_optimize_result(

2025-11-07 10:42:01,294:WARNING:c:\Users\ACER\AppData\Local\Programs\Python\Python311\Lib\site-packages\sklearn\linear_model\_logistic.py:469: ConvergenceWarning: lbfgs failed to converge (status=1):
STOP: TOTAL NO. of ITERATIONS REACHED LIMIT.

Increase the number of iterations (max_iter) or scale the data as shown in:
    https://scikit-learn.org/stable/modules/preprocessing.html
Please also refer to the documentation for alternative solver options:
    https://scikit-learn.org/stable/modules/linear_model.html#logistic-regression
  n_iter_i = _check_optimize_result(

2025-11-07 10:42:01,405:WARNING:c:\Users\ACER\AppData\Local\Programs\Python\Python311\Lib\site-packages\sklearn\linear_model\_logistic.py:469: ConvergenceWarning: lbfgs failed to converge (status=1):
STOP: TOTAL NO. of ITERATIONS REACHED LIMIT.

Increase the number of iterations (max_iter) or scale the data as shown in:
    https://scikit-learn.org/stable/modules/preprocessing.html
Please also refer to the documentation for alternative solver options:
    https://scikit-learn.org/stable/modules/linear_model.html#logistic-regression
  n_iter_i = _check_optimize_result(

2025-11-07 10:42:01,518:INFO:Calculating mean and std
2025-11-07 10:42:01,522:INFO:Creating metrics dataframe
2025-11-07 10:42:01,528:INFO:Uploading results into container
2025-11-07 10:42:01,533:INFO:Uploading model into container now
2025-11-07 10:42:01,537:INFO:_master_model_container: 1
2025-11-07 10:42:01,537:INFO:_display_container: 2
2025-11-07 10:42:01,538:INFO:LogisticRegression(C=1.0, class_weight=None, dual=False, fit_intercept=True,
                   intercept_scaling=1, l1_ratio=None, max_iter=1000,
                   multi_class='auto', n_jobs=None, penalty='l2',
                   random_state=6322, solver='lbfgs', tol=0.0001, verbose=0,
                   warm_start=False)
2025-11-07 10:42:01,539:INFO:create_model() successfully completed......................................
2025-11-07 10:42:01,862:INFO:SubProcess create_model() end ==================================
2025-11-07 10:42:01,862:INFO:Creating metrics dataframe
2025-11-07 10:42:01,877:INFO:Initializing K Neighbors Classifier
2025-11-07 10:42:01,878:INFO:Total runtime is 1.660206135114034 minutes
2025-11-07 10:42:01,884:INFO:SubProcess create_model() called ==================================
2025-11-07 10:42:01,885:INFO:Initializing create_model()
2025-11-07 10:42:01,885:INFO:create_model(self=<pycaret.classification.oop.ClassificationExperiment object at 0x0000029ECEF82150>, estimator=knn, fold=StratifiedKFold(n_splits=10, random_state=None, shuffle=False), round=4, cross_validation=True, predict=True, fit_kwargs={}, groups=None, refit=False, probability_threshold=None, experiment_custom_tags=None, verbose=False, system=False, add_to_model_list=True, metrics=None, display=<pycaret.internal.display.display.CommonDisplay object at 0x0000029ED3C0BF10>, model_only=True, return_train_score=False, error_score=0.0, kwargs={})
2025-11-07 10:42:01,885:INFO:Checking exceptions
2025-11-07 10:42:01,885:INFO:Importing libraries
2025-11-07 10:42:01,886:INFO:Copying training dataset
2025-11-07 10:42:02,116:INFO:Defining folds
2025-11-07 10:42:02,129:INFO:Declaring metric variables
2025-11-07 10:42:02,144:INFO:Importing untrained model
2025-11-07 10:42:02,152:INFO:K Neighbors Classifier Imported successfully
2025-11-07 10:42:02,174:INFO:Starting cross validation
2025-11-07 10:42:02,176:INFO:Cross validating with StratifiedKFold(n_splits=10, random_state=None, shuffle=False), n_jobs=-1
2025-11-07 10:44:09,403:INFO:Calculating mean and std
2025-11-07 10:44:09,405:INFO:Creating metrics dataframe
2025-11-07 10:44:09,411:INFO:Uploading results into container
2025-11-07 10:44:09,420:INFO:Uploading model into container now
2025-11-07 10:44:09,421:INFO:_master_model_container: 2
2025-11-07 10:44:09,422:INFO:_display_container: 2
2025-11-07 10:44:09,422:INFO:KNeighborsClassifier(algorithm='auto', leaf_size=30, metric='minkowski',
                     metric_params=None, n_jobs=-1, n_neighbors=5, p=2,
                     weights='uniform')
2025-11-07 10:44:09,423:INFO:create_model() successfully completed......................................
2025-11-07 10:44:09,710:INFO:SubProcess create_model() end ==================================
2025-11-07 10:44:09,710:INFO:Creating metrics dataframe
2025-11-07 10:44:09,722:INFO:Initializing Naive Bayes
2025-11-07 10:44:09,722:INFO:Total runtime is 3.7909304022789003 minutes
2025-11-07 10:44:09,735:INFO:SubProcess create_model() called ==================================
2025-11-07 10:44:09,736:INFO:Initializing create_model()
2025-11-07 10:44:09,736:INFO:create_model(self=<pycaret.classification.oop.ClassificationExperiment object at 0x0000029ECEF82150>, estimator=nb, fold=StratifiedKFold(n_splits=10, random_state=None, shuffle=False), round=4, cross_validation=True, predict=True, fit_kwargs={}, groups=None, refit=False, probability_threshold=None, experiment_custom_tags=None, verbose=False, system=False, add_to_model_list=True, metrics=None, display=<pycaret.internal.display.display.CommonDisplay object at 0x0000029ED3C0BF10>, model_only=True, return_train_score=False, error_score=0.0, kwargs={})
2025-11-07 10:44:09,736:INFO:Checking exceptions
2025-11-07 10:44:09,736:INFO:Importing libraries
2025-11-07 10:44:09,736:INFO:Copying training dataset
2025-11-07 10:44:09,940:INFO:Defining folds
2025-11-07 10:44:09,940:INFO:Declaring metric variables
2025-11-07 10:44:09,950:INFO:Importing untrained model
2025-11-07 10:44:09,959:INFO:Naive Bayes Imported successfully
2025-11-07 10:44:09,976:INFO:Starting cross validation
2025-11-07 10:44:09,979:INFO:Cross validating with StratifiedKFold(n_splits=10, random_state=None, shuffle=False), n_jobs=-1
2025-11-07 10:44:13,200:INFO:Calculating mean and std
2025-11-07 10:44:13,205:INFO:Creating metrics dataframe
2025-11-07 10:44:13,211:INFO:Uploading results into container
2025-11-07 10:44:13,212:INFO:Uploading model into container now
2025-11-07 10:44:13,213:INFO:_master_model_container: 3
2025-11-07 10:44:13,213:INFO:_display_container: 2
2025-11-07 10:44:13,214:INFO:GaussianNB(priors=None, var_smoothing=1e-09)
2025-11-07 10:44:13,214:INFO:create_model() successfully completed......................................
2025-11-07 10:44:13,609:INFO:SubProcess create_model() end ==================================
2025-11-07 10:44:13,610:INFO:Creating metrics dataframe
2025-11-07 10:44:13,629:INFO:Initializing Decision Tree Classifier
2025-11-07 10:44:13,629:INFO:Total runtime is 3.856061438719432 minutes
2025-11-07 10:44:13,636:INFO:SubProcess create_model() called ==================================
2025-11-07 10:44:13,637:INFO:Initializing create_model()
2025-11-07 10:44:13,637:INFO:create_model(self=<pycaret.classification.oop.ClassificationExperiment object at 0x0000029ECEF82150>, estimator=dt, fold=StratifiedKFold(n_splits=10, random_state=None, shuffle=False), round=4, cross_validation=True, predict=True, fit_kwargs={}, groups=None, refit=False, probability_threshold=None, experiment_custom_tags=None, verbose=False, system=False, add_to_model_list=True, metrics=None, display=<pycaret.internal.display.display.CommonDisplay object at 0x0000029ED3C0BF10>, model_only=True, return_train_score=False, error_score=0.0, kwargs={})
2025-11-07 10:44:13,638:INFO:Checking exceptions
2025-11-07 10:44:13,638:INFO:Importing libraries
2025-11-07 10:44:13,638:INFO:Copying training dataset
2025-11-07 10:44:13,925:INFO:Defining folds
2025-11-07 10:44:13,926:INFO:Declaring metric variables
2025-11-07 10:44:13,936:INFO:Importing untrained model
2025-11-07 10:44:13,944:INFO:Decision Tree Classifier Imported successfully
2025-11-07 10:44:13,960:INFO:Starting cross validation
2025-11-07 10:44:13,963:INFO:Cross validating with StratifiedKFold(n_splits=10, random_state=None, shuffle=False), n_jobs=-1
2025-11-07 10:44:32,425:INFO:Calculating mean and std
2025-11-07 10:44:32,427:INFO:Creating metrics dataframe
2025-11-07 10:44:32,430:INFO:Uploading results into container
2025-11-07 10:44:32,433:INFO:Uploading model into container now
2025-11-07 10:44:32,434:INFO:_master_model_container: 4
2025-11-07 10:44:32,435:INFO:_display_container: 2
2025-11-07 10:44:32,436:INFO:DecisionTreeClassifier(ccp_alpha=0.0, class_weight=None, criterion='gini',
                       max_depth=None, max_features=None, max_leaf_nodes=None,
                       min_impurity_decrease=0.0, min_samples_leaf=1,
                       min_samples_split=2, min_weight_fraction_leaf=0.0,
                       monotonic_cst=None, random_state=6322, splitter='best')
2025-11-07 10:44:32,436:INFO:create_model() successfully completed......................................
2025-11-07 10:44:32,755:INFO:SubProcess create_model() end ==================================
2025-11-07 10:44:32,755:INFO:Creating metrics dataframe
2025-11-07 10:44:32,787:INFO:Initializing SVM - Linear Kernel
2025-11-07 10:44:32,787:INFO:Total runtime is 4.175361283620199 minutes
2025-11-07 10:44:32,799:INFO:SubProcess create_model() called ==================================
2025-11-07 10:44:32,801:INFO:Initializing create_model()
2025-11-07 10:44:32,801:INFO:create_model(self=<pycaret.classification.oop.ClassificationExperiment object at 0x0000029ECEF82150>, estimator=svm, fold=StratifiedKFold(n_splits=10, random_state=None, shuffle=False), round=4, cross_validation=True, predict=True, fit_kwargs={}, groups=None, refit=False, probability_threshold=None, experiment_custom_tags=None, verbose=False, system=False, add_to_model_list=True, metrics=None, display=<pycaret.internal.display.display.CommonDisplay object at 0x0000029ED3C0BF10>, model_only=True, return_train_score=False, error_score=0.0, kwargs={})
2025-11-07 10:44:32,801:INFO:Checking exceptions
2025-11-07 10:44:32,801:INFO:Importing libraries
2025-11-07 10:44:32,802:INFO:Copying training dataset
2025-11-07 10:44:33,149:INFO:Defining folds
2025-11-07 10:44:33,150:INFO:Declaring metric variables
2025-11-07 10:44:33,161:INFO:Importing untrained model
2025-11-07 10:44:33,168:INFO:SVM - Linear Kernel Imported successfully
2025-11-07 10:44:33,195:INFO:Starting cross validation
2025-11-07 10:44:33,198:INFO:Cross validating with StratifiedKFold(n_splits=10, random_state=None, shuffle=False), n_jobs=-1
2025-11-07 10:45:47,073:INFO:Calculating mean and std
2025-11-07 10:45:47,076:INFO:Creating metrics dataframe
2025-11-07 10:45:47,083:INFO:Uploading results into container
2025-11-07 10:45:47,085:INFO:Uploading model into container now
2025-11-07 10:45:47,086:INFO:_master_model_container: 5
2025-11-07 10:45:47,086:INFO:_display_container: 2
2025-11-07 10:45:47,087:INFO:SGDClassifier(alpha=0.0001, average=False, class_weight=None,
              early_stopping=False, epsilon=0.1, eta0=0.001, fit_intercept=True,
              l1_ratio=0.15, learning_rate='optimal', loss='hinge',
              max_iter=1000, n_iter_no_change=5, n_jobs=-1, penalty='l2',
              power_t=0.5, random_state=6322, shuffle=True, tol=0.001,
              validation_fraction=0.1, verbose=0, warm_start=False)
2025-11-07 10:45:47,088:INFO:create_model() successfully completed......................................
2025-11-07 10:45:47,453:INFO:SubProcess create_model() end ==================================
2025-11-07 10:45:47,454:INFO:Creating metrics dataframe
2025-11-07 10:45:47,468:INFO:Initializing Ridge Classifier
2025-11-07 10:45:47,469:INFO:Total runtime is 5.420041930675507 minutes
2025-11-07 10:45:47,477:INFO:SubProcess create_model() called ==================================
2025-11-07 10:45:47,477:INFO:Initializing create_model()
2025-11-07 10:45:47,477:INFO:create_model(self=<pycaret.classification.oop.ClassificationExperiment object at 0x0000029ECEF82150>, estimator=ridge, fold=StratifiedKFold(n_splits=10, random_state=None, shuffle=False), round=4, cross_validation=True, predict=True, fit_kwargs={}, groups=None, refit=False, probability_threshold=None, experiment_custom_tags=None, verbose=False, system=False, add_to_model_list=True, metrics=None, display=<pycaret.internal.display.display.CommonDisplay object at 0x0000029ED3C0BF10>, model_only=True, return_train_score=False, error_score=0.0, kwargs={})
2025-11-07 10:45:47,478:INFO:Checking exceptions
2025-11-07 10:45:47,478:INFO:Importing libraries
2025-11-07 10:45:47,478:INFO:Copying training dataset
2025-11-07 10:45:47,741:INFO:Defining folds
2025-11-07 10:45:47,742:INFO:Declaring metric variables
2025-11-07 10:45:47,757:INFO:Importing untrained model
2025-11-07 10:45:47,771:INFO:Ridge Classifier Imported successfully
2025-11-07 10:45:47,796:INFO:Starting cross validation
2025-11-07 10:45:47,800:INFO:Cross validating with StratifiedKFold(n_splits=10, random_state=None, shuffle=False), n_jobs=-1
2025-11-07 10:45:51,235:INFO:Calculating mean and std
2025-11-07 10:45:51,245:INFO:Creating metrics dataframe
2025-11-07 10:45:51,276:INFO:Uploading results into container
2025-11-07 10:45:51,278:INFO:Uploading model into container now
2025-11-07 10:45:51,279:INFO:_master_model_container: 6
2025-11-07 10:45:51,279:INFO:_display_container: 2
2025-11-07 10:45:51,279:INFO:RidgeClassifier(alpha=1.0, class_weight=None, copy_X=True, fit_intercept=True,
                max_iter=None, positive=False, random_state=6322, solver='auto',
                tol=0.0001)
2025-11-07 10:45:51,280:INFO:create_model() successfully completed......................................
2025-11-07 10:45:52,046:INFO:SubProcess create_model() end ==================================
2025-11-07 10:45:52,046:INFO:Creating metrics dataframe
2025-11-07 10:45:52,075:INFO:Initializing Random Forest Classifier
2025-11-07 10:45:52,075:INFO:Total runtime is 5.496828285853068 minutes
2025-11-07 10:45:52,089:INFO:SubProcess create_model() called ==================================
2025-11-07 10:45:52,090:INFO:Initializing create_model()
2025-11-07 10:45:52,090:INFO:create_model(self=<pycaret.classification.oop.ClassificationExperiment object at 0x0000029ECEF82150>, estimator=rf, fold=StratifiedKFold(n_splits=10, random_state=None, shuffle=False), round=4, cross_validation=True, predict=True, fit_kwargs={}, groups=None, refit=False, probability_threshold=None, experiment_custom_tags=None, verbose=False, system=False, add_to_model_list=True, metrics=None, display=<pycaret.internal.display.display.CommonDisplay object at 0x0000029ED3C0BF10>, model_only=True, return_train_score=False, error_score=0.0, kwargs={})
2025-11-07 10:45:52,090:INFO:Checking exceptions
2025-11-07 10:45:52,091:INFO:Importing libraries
2025-11-07 10:45:52,091:INFO:Copying training dataset
2025-11-07 10:45:52,796:INFO:Defining folds
2025-11-07 10:45:52,796:INFO:Declaring metric variables
2025-11-07 10:45:52,816:INFO:Importing untrained model
2025-11-07 10:45:52,831:INFO:Random Forest Classifier Imported successfully
2025-11-07 10:45:52,861:INFO:Starting cross validation
2025-11-07 10:45:52,867:INFO:Cross validating with StratifiedKFold(n_splits=10, random_state=None, shuffle=False), n_jobs=-1
2025-11-07 10:48:43,490:INFO:Calculating mean and std
2025-11-07 10:48:43,494:INFO:Creating metrics dataframe
2025-11-07 10:48:43,504:INFO:Uploading results into container
2025-11-07 10:48:43,505:INFO:Uploading model into container now
2025-11-07 10:48:43,506:INFO:_master_model_container: 7
2025-11-07 10:48:43,506:INFO:_display_container: 2
2025-11-07 10:48:43,507:INFO:RandomForestClassifier(bootstrap=True, ccp_alpha=0.0, class_weight=None,
                       criterion='gini', max_depth=None, max_features='sqrt',
                       max_leaf_nodes=None, max_samples=None,
                       min_impurity_decrease=0.0, min_samples_leaf=1,
                       min_samples_split=2, min_weight_fraction_leaf=0.0,
                       monotonic_cst=None, n_estimators=100, n_jobs=-1,
                       oob_score=False, random_state=6322, verbose=0,
                       warm_start=False)
2025-11-07 10:48:43,507:INFO:create_model() successfully completed......................................
2025-11-07 10:48:43,978:INFO:SubProcess create_model() end ==================================
2025-11-07 10:48:43,978:INFO:Creating metrics dataframe
2025-11-07 10:48:44,007:INFO:Initializing Quadratic Discriminant Analysis
2025-11-07 10:48:44,008:INFO:Total runtime is 8.362364459037781 minutes
2025-11-07 10:48:44,020:INFO:SubProcess create_model() called ==================================
2025-11-07 10:48:44,021:INFO:Initializing create_model()
2025-11-07 10:48:44,021:INFO:create_model(self=<pycaret.classification.oop.ClassificationExperiment object at 0x0000029ECEF82150>, estimator=qda, fold=StratifiedKFold(n_splits=10, random_state=None, shuffle=False), round=4, cross_validation=True, predict=True, fit_kwargs={}, groups=None, refit=False, probability_threshold=None, experiment_custom_tags=None, verbose=False, system=False, add_to_model_list=True, metrics=None, display=<pycaret.internal.display.display.CommonDisplay object at 0x0000029ED3C0BF10>, model_only=True, return_train_score=False, error_score=0.0, kwargs={})
2025-11-07 10:48:44,021:INFO:Checking exceptions
2025-11-07 10:48:44,022:INFO:Importing libraries
2025-11-07 10:48:44,022:INFO:Copying training dataset
2025-11-07 10:48:44,494:INFO:Defining folds
2025-11-07 10:48:44,495:INFO:Declaring metric variables
2025-11-07 10:48:44,507:INFO:Importing untrained model
2025-11-07 10:48:44,517:INFO:Quadratic Discriminant Analysis Imported successfully
2025-11-07 10:48:44,542:INFO:Starting cross validation
2025-11-07 10:48:44,545:INFO:Cross validating with StratifiedKFold(n_splits=10, random_state=None, shuffle=False), n_jobs=-1
2025-11-07 10:48:52,763:INFO:Calculating mean and std
2025-11-07 10:48:52,767:INFO:Creating metrics dataframe
2025-11-07 10:48:52,773:INFO:Uploading results into container
2025-11-07 10:48:52,777:INFO:Uploading model into container now
2025-11-07 10:48:52,779:INFO:_master_model_container: 8
2025-11-07 10:48:52,780:INFO:_display_container: 2
2025-11-07 10:48:52,781:INFO:QuadraticDiscriminantAnalysis(priors=None, reg_param=0.0,
                              store_covariance=False, tol=0.0001)
2025-11-07 10:48:52,781:INFO:create_model() successfully completed......................................
2025-11-07 10:48:53,319:INFO:SubProcess create_model() end ==================================
2025-11-07 10:48:53,319:INFO:Creating metrics dataframe
2025-11-07 10:48:53,349:INFO:Initializing Ada Boost Classifier
2025-11-07 10:48:53,349:INFO:Total runtime is 8.518049883842469 minutes
2025-11-07 10:48:53,360:INFO:SubProcess create_model() called ==================================
2025-11-07 10:48:53,361:INFO:Initializing create_model()
2025-11-07 10:48:53,361:INFO:create_model(self=<pycaret.classification.oop.ClassificationExperiment object at 0x0000029ECEF82150>, estimator=ada, fold=StratifiedKFold(n_splits=10, random_state=None, shuffle=False), round=4, cross_validation=True, predict=True, fit_kwargs={}, groups=None, refit=False, probability_threshold=None, experiment_custom_tags=None, verbose=False, system=False, add_to_model_list=True, metrics=None, display=<pycaret.internal.display.display.CommonDisplay object at 0x0000029ED3C0BF10>, model_only=True, return_train_score=False, error_score=0.0, kwargs={})
2025-11-07 10:48:53,362:INFO:Checking exceptions
2025-11-07 10:48:53,362:INFO:Importing libraries
2025-11-07 10:48:53,362:INFO:Copying training dataset
2025-11-07 10:48:53,774:INFO:Defining folds
2025-11-07 10:48:53,775:INFO:Declaring metric variables
2025-11-07 10:48:53,790:INFO:Importing untrained model
2025-11-07 10:48:53,814:INFO:Ada Boost Classifier Imported successfully
2025-11-07 10:48:53,841:INFO:Starting cross validation
2025-11-07 10:48:53,844:INFO:Cross validating with StratifiedKFold(n_splits=10, random_state=None, shuffle=False), n_jobs=-1
2025-11-07 10:48:54,596:WARNING:c:\Users\ACER\AppData\Local\Programs\Python\Python311\Lib\site-packages\sklearn\ensemble\_weight_boosting.py:519: FutureWarning: The SAMME.R algorithm (the default) is deprecated and will be removed in 1.6. Use the SAMME algorithm to circumvent this warning.
  warnings.warn(

2025-11-07 10:48:54,679:WARNING:c:\Users\ACER\AppData\Local\Programs\Python\Python311\Lib\site-packages\sklearn\ensemble\_weight_boosting.py:519: FutureWarning: The SAMME.R algorithm (the default) is deprecated and will be removed in 1.6. Use the SAMME algorithm to circumvent this warning.
  warnings.warn(

2025-11-07 10:48:54,692:WARNING:c:\Users\ACER\AppData\Local\Programs\Python\Python311\Lib\site-packages\sklearn\ensemble\_weight_boosting.py:519: FutureWarning: The SAMME.R algorithm (the default) is deprecated and will be removed in 1.6. Use the SAMME algorithm to circumvent this warning.
  warnings.warn(

2025-11-07 10:48:54,776:WARNING:c:\Users\ACER\AppData\Local\Programs\Python\Python311\Lib\site-packages\sklearn\ensemble\_weight_boosting.py:519: FutureWarning: The SAMME.R algorithm (the default) is deprecated and will be removed in 1.6. Use the SAMME algorithm to circumvent this warning.
  warnings.warn(

2025-11-07 10:49:26,231:WARNING:c:\Users\ACER\AppData\Local\Programs\Python\Python311\Lib\site-packages\sklearn\ensemble\_weight_boosting.py:519: FutureWarning: The SAMME.R algorithm (the default) is deprecated and will be removed in 1.6. Use the SAMME algorithm to circumvent this warning.
  warnings.warn(

2025-11-07 10:49:26,560:WARNING:c:\Users\ACER\AppData\Local\Programs\Python\Python311\Lib\site-packages\sklearn\ensemble\_weight_boosting.py:519: FutureWarning: The SAMME.R algorithm (the default) is deprecated and will be removed in 1.6. Use the SAMME algorithm to circumvent this warning.
  warnings.warn(

2025-11-07 10:49:26,741:WARNING:c:\Users\ACER\AppData\Local\Programs\Python\Python311\Lib\site-packages\sklearn\ensemble\_weight_boosting.py:519: FutureWarning: The SAMME.R algorithm (the default) is deprecated and will be removed in 1.6. Use the SAMME algorithm to circumvent this warning.
  warnings.warn(

2025-11-07 10:49:26,927:WARNING:c:\Users\ACER\AppData\Local\Programs\Python\Python311\Lib\site-packages\sklearn\ensemble\_weight_boosting.py:519: FutureWarning: The SAMME.R algorithm (the default) is deprecated and will be removed in 1.6. Use the SAMME algorithm to circumvent this warning.
  warnings.warn(

2025-11-07 10:49:55,092:WARNING:c:\Users\ACER\AppData\Local\Programs\Python\Python311\Lib\site-packages\sklearn\ensemble\_weight_boosting.py:519: FutureWarning: The SAMME.R algorithm (the default) is deprecated and will be removed in 1.6. Use the SAMME algorithm to circumvent this warning.
  warnings.warn(

2025-11-07 10:49:55,173:WARNING:c:\Users\ACER\AppData\Local\Programs\Python\Python311\Lib\site-packages\sklearn\ensemble\_weight_boosting.py:519: FutureWarning: The SAMME.R algorithm (the default) is deprecated and will be removed in 1.6. Use the SAMME algorithm to circumvent this warning.
  warnings.warn(

2025-11-07 10:50:11,553:INFO:Calculating mean and std
2025-11-07 10:50:11,556:INFO:Creating metrics dataframe
2025-11-07 10:50:11,563:INFO:Uploading results into container
2025-11-07 10:50:11,566:INFO:Uploading model into container now
2025-11-07 10:50:11,567:INFO:_master_model_container: 9
2025-11-07 10:50:11,567:INFO:_display_container: 2
2025-11-07 10:50:11,568:INFO:AdaBoostClassifier(algorithm='SAMME.R', estimator=None, learning_rate=1.0,
                   n_estimators=50, random_state=6322)
2025-11-07 10:50:11,568:INFO:create_model() successfully completed......................................
2025-11-07 10:50:11,927:INFO:SubProcess create_model() end ==================================
2025-11-07 10:50:11,928:INFO:Creating metrics dataframe
2025-11-07 10:50:11,949:INFO:Initializing Gradient Boosting Classifier
2025-11-07 10:50:11,949:INFO:Total runtime is 9.82805945078532 minutes
2025-11-07 10:50:11,962:INFO:SubProcess create_model() called ==================================
2025-11-07 10:50:11,963:INFO:Initializing create_model()
2025-11-07 10:50:11,963:INFO:create_model(self=<pycaret.classification.oop.ClassificationExperiment object at 0x0000029ECEF82150>, estimator=gbc, fold=StratifiedKFold(n_splits=10, random_state=None, shuffle=False), round=4, cross_validation=True, predict=True, fit_kwargs={}, groups=None, refit=False, probability_threshold=None, experiment_custom_tags=None, verbose=False, system=False, add_to_model_list=True, metrics=None, display=<pycaret.internal.display.display.CommonDisplay object at 0x0000029ED3C0BF10>, model_only=True, return_train_score=False, error_score=0.0, kwargs={})
2025-11-07 10:50:11,963:INFO:Checking exceptions
2025-11-07 10:50:11,963:INFO:Importing libraries
2025-11-07 10:50:11,964:INFO:Copying training dataset
2025-11-07 10:50:12,213:INFO:Defining folds
2025-11-07 10:50:12,213:INFO:Declaring metric variables
2025-11-07 10:50:12,222:INFO:Importing untrained model
2025-11-07 10:50:12,234:INFO:Gradient Boosting Classifier Imported successfully
2025-11-07 10:50:12,254:INFO:Starting cross validation
2025-11-07 10:50:12,256:INFO:Cross validating with StratifiedKFold(n_splits=10, random_state=None, shuffle=False), n_jobs=-1
2025-11-07 10:56:23,450:INFO:Calculating mean and std
2025-11-07 10:56:23,454:INFO:Creating metrics dataframe
2025-11-07 10:56:23,460:INFO:Uploading results into container
2025-11-07 10:56:23,461:INFO:Uploading model into container now
2025-11-07 10:56:23,462:INFO:_master_model_container: 10
2025-11-07 10:56:23,463:INFO:_display_container: 2
2025-11-07 10:56:23,466:INFO:GradientBoostingClassifier(ccp_alpha=0.0, criterion='friedman_mse', init=None,
                           learning_rate=0.1, loss='log_loss', max_depth=3,
                           max_features=None, max_leaf_nodes=None,
                           min_impurity_decrease=0.0, min_samples_leaf=1,
                           min_samples_split=2, min_weight_fraction_leaf=0.0,
                           n_estimators=100, n_iter_no_change=None,
                           random_state=6322, subsample=1.0, tol=0.0001,
                           validation_fraction=0.1, verbose=0,
                           warm_start=False)
2025-11-07 10:56:23,467:INFO:create_model() successfully completed......................................
2025-11-07 10:56:23,905:INFO:SubProcess create_model() end ==================================
2025-11-07 10:56:23,905:INFO:Creating metrics dataframe
2025-11-07 10:56:23,930:INFO:Initializing Linear Discriminant Analysis
2025-11-07 10:56:23,930:INFO:Total runtime is 16.02773084243139 minutes
2025-11-07 10:56:23,943:INFO:SubProcess create_model() called ==================================
2025-11-07 10:56:23,944:INFO:Initializing create_model()
2025-11-07 10:56:23,944:INFO:create_model(self=<pycaret.classification.oop.ClassificationExperiment object at 0x0000029ECEF82150>, estimator=lda, fold=StratifiedKFold(n_splits=10, random_state=None, shuffle=False), round=4, cross_validation=True, predict=True, fit_kwargs={}, groups=None, refit=False, probability_threshold=None, experiment_custom_tags=None, verbose=False, system=False, add_to_model_list=True, metrics=None, display=<pycaret.internal.display.display.CommonDisplay object at 0x0000029ED3C0BF10>, model_only=True, return_train_score=False, error_score=0.0, kwargs={})
2025-11-07 10:56:23,945:INFO:Checking exceptions
2025-11-07 10:56:23,945:INFO:Importing libraries
2025-11-07 10:56:23,946:INFO:Copying training dataset
2025-11-07 10:56:24,199:INFO:Defining folds
2025-11-07 10:56:24,199:INFO:Declaring metric variables
2025-11-07 10:56:24,259:INFO:Importing untrained model
2025-11-07 10:56:24,272:INFO:Linear Discriminant Analysis Imported successfully
2025-11-07 10:56:24,295:INFO:Starting cross validation
2025-11-07 10:56:24,298:INFO:Cross validating with StratifiedKFold(n_splits=10, random_state=None, shuffle=False), n_jobs=-1
2025-11-07 10:56:29,920:INFO:Calculating mean and std
2025-11-07 10:56:29,923:INFO:Creating metrics dataframe
2025-11-07 10:56:29,928:INFO:Uploading results into container
2025-11-07 10:56:29,932:INFO:Uploading model into container now
2025-11-07 10:56:29,933:INFO:_master_model_container: 11
2025-11-07 10:56:29,934:INFO:_display_container: 2
2025-11-07 10:56:29,935:INFO:LinearDiscriminantAnalysis(covariance_estimator=None, n_components=None,
                           priors=None, shrinkage=None, solver='svd',
                           store_covariance=False, tol=0.0001)
2025-11-07 10:56:29,935:INFO:create_model() successfully completed......................................
2025-11-07 10:56:30,374:INFO:SubProcess create_model() end ==================================
2025-11-07 10:56:30,375:INFO:Creating metrics dataframe
2025-11-07 10:56:30,402:INFO:Initializing Extra Trees Classifier
2025-11-07 10:56:30,402:INFO:Total runtime is 16.135597495237988 minutes
2025-11-07 10:56:30,411:INFO:SubProcess create_model() called ==================================
2025-11-07 10:56:30,411:INFO:Initializing create_model()
2025-11-07 10:56:30,412:INFO:create_model(self=<pycaret.classification.oop.ClassificationExperiment object at 0x0000029ECEF82150>, estimator=et, fold=StratifiedKFold(n_splits=10, random_state=None, shuffle=False), round=4, cross_validation=True, predict=True, fit_kwargs={}, groups=None, refit=False, probability_threshold=None, experiment_custom_tags=None, verbose=False, system=False, add_to_model_list=True, metrics=None, display=<pycaret.internal.display.display.CommonDisplay object at 0x0000029ED3C0BF10>, model_only=True, return_train_score=False, error_score=0.0, kwargs={})
2025-11-07 10:56:30,412:INFO:Checking exceptions
2025-11-07 10:56:30,412:INFO:Importing libraries
2025-11-07 10:56:30,412:INFO:Copying training dataset
2025-11-07 10:56:30,745:INFO:Defining folds
2025-11-07 10:56:30,746:INFO:Declaring metric variables
2025-11-07 10:56:30,757:INFO:Importing untrained model
2025-11-07 10:56:30,776:INFO:Extra Trees Classifier Imported successfully
2025-11-07 10:56:30,811:INFO:Starting cross validation
2025-11-07 10:56:30,813:INFO:Cross validating with StratifiedKFold(n_splits=10, random_state=None, shuffle=False), n_jobs=-1
2025-11-07 10:59:32,639:INFO:Calculating mean and std
2025-11-07 10:59:32,645:INFO:Creating metrics dataframe
2025-11-07 10:59:32,654:INFO:Uploading results into container
2025-11-07 10:59:32,656:INFO:Uploading model into container now
2025-11-07 10:59:32,657:INFO:_master_model_container: 12
2025-11-07 10:59:32,657:INFO:_display_container: 2
2025-11-07 10:59:32,658:INFO:ExtraTreesClassifier(bootstrap=False, ccp_alpha=0.0, class_weight=None,
                     criterion='gini', max_depth=None, max_features='sqrt',
                     max_leaf_nodes=None, max_samples=None,
                     min_impurity_decrease=0.0, min_samples_leaf=1,
                     min_samples_split=2, min_weight_fraction_leaf=0.0,
                     monotonic_cst=None, n_estimators=100, n_jobs=-1,
                     oob_score=False, random_state=6322, verbose=0,
                     warm_start=False)
2025-11-07 10:59:32,658:INFO:create_model() successfully completed......................................
2025-11-07 10:59:33,006:INFO:SubProcess create_model() end ==================================
2025-11-07 10:59:33,006:INFO:Creating metrics dataframe
2025-11-07 10:59:33,043:INFO:Initializing Light Gradient Boosting Machine
2025-11-07 10:59:33,043:INFO:Total runtime is 19.17962369124095 minutes
2025-11-07 10:59:33,056:INFO:SubProcess create_model() called ==================================
2025-11-07 10:59:33,057:INFO:Initializing create_model()
2025-11-07 10:59:33,058:INFO:create_model(self=<pycaret.classification.oop.ClassificationExperiment object at 0x0000029ECEF82150>, estimator=lightgbm, fold=StratifiedKFold(n_splits=10, random_state=None, shuffle=False), round=4, cross_validation=True, predict=True, fit_kwargs={}, groups=None, refit=False, probability_threshold=None, experiment_custom_tags=None, verbose=False, system=False, add_to_model_list=True, metrics=None, display=<pycaret.internal.display.display.CommonDisplay object at 0x0000029ED3C0BF10>, model_only=True, return_train_score=False, error_score=0.0, kwargs={})
2025-11-07 10:59:33,058:INFO:Checking exceptions
2025-11-07 10:59:33,058:INFO:Importing libraries
2025-11-07 10:59:33,059:INFO:Copying training dataset
2025-11-07 10:59:33,452:INFO:Defining folds
2025-11-07 10:59:33,452:INFO:Declaring metric variables
2025-11-07 10:59:33,468:INFO:Importing untrained model
2025-11-07 10:59:33,482:INFO:Light Gradient Boosting Machine Imported successfully
2025-11-07 10:59:33,511:INFO:Starting cross validation
2025-11-07 10:59:33,515:INFO:Cross validating with StratifiedKFold(n_splits=10, random_state=None, shuffle=False), n_jobs=-1
2025-11-07 10:59:55,396:INFO:Calculating mean and std
2025-11-07 10:59:55,402:INFO:Creating metrics dataframe
2025-11-07 10:59:55,416:INFO:Uploading results into container
2025-11-07 10:59:55,418:INFO:Uploading model into container now
2025-11-07 10:59:55,419:INFO:_master_model_container: 13
2025-11-07 10:59:55,419:INFO:_display_container: 2
2025-11-07 10:59:55,423:INFO:LGBMClassifier(boosting_type='gbdt', class_weight=None, colsample_bytree=1.0,
               importance_type='split', learning_rate=0.1, max_depth=-1,
               min_child_samples=20, min_child_weight=0.001, min_split_gain=0.0,
               n_estimators=100, n_jobs=-1, num_leaves=31, objective=None,
               random_state=6322, reg_alpha=0.0, reg_lambda=0.0, subsample=1.0,
               subsample_for_bin=200000, subsample_freq=0)
2025-11-07 10:59:55,423:INFO:create_model() successfully completed......................................
2025-11-07 10:59:55,793:INFO:SubProcess create_model() end ==================================
2025-11-07 10:59:55,793:INFO:Creating metrics dataframe
2025-11-07 10:59:55,827:INFO:Initializing Dummy Classifier
2025-11-07 10:59:55,827:INFO:Total runtime is 19.559352533022565 minutes
2025-11-07 10:59:55,840:INFO:SubProcess create_model() called ==================================
2025-11-07 10:59:55,841:INFO:Initializing create_model()
2025-11-07 10:59:55,841:INFO:create_model(self=<pycaret.classification.oop.ClassificationExperiment object at 0x0000029ECEF82150>, estimator=dummy, fold=StratifiedKFold(n_splits=10, random_state=None, shuffle=False), round=4, cross_validation=True, predict=True, fit_kwargs={}, groups=None, refit=False, probability_threshold=None, experiment_custom_tags=None, verbose=False, system=False, add_to_model_list=True, metrics=None, display=<pycaret.internal.display.display.CommonDisplay object at 0x0000029ED3C0BF10>, model_only=True, return_train_score=False, error_score=0.0, kwargs={})
2025-11-07 10:59:55,842:INFO:Checking exceptions
2025-11-07 10:59:55,842:INFO:Importing libraries
2025-11-07 10:59:55,842:INFO:Copying training dataset
2025-11-07 10:59:56,179:INFO:Defining folds
2025-11-07 10:59:56,179:INFO:Declaring metric variables
2025-11-07 10:59:56,194:INFO:Importing untrained model
2025-11-07 10:59:56,210:INFO:Dummy Classifier Imported successfully
2025-11-07 10:59:56,237:INFO:Starting cross validation
2025-11-07 10:59:56,244:INFO:Cross validating with StratifiedKFold(n_splits=10, random_state=None, shuffle=False), n_jobs=-1
2025-11-07 10:59:56,880:WARNING:c:\Users\ACER\AppData\Local\Programs\Python\Python311\Lib\site-packages\sklearn\metrics\_classification.py:1509: UndefinedMetricWarning: Precision is ill-defined and being set to 0.0 due to no predicted samples. Use `zero_division` parameter to control this behavior.
  _warn_prf(average, modifier, f"{metric.capitalize()} is", len(result))

2025-11-07 10:59:57,032:WARNING:c:\Users\ACER\AppData\Local\Programs\Python\Python311\Lib\site-packages\sklearn\metrics\_classification.py:1509: UndefinedMetricWarning: Precision is ill-defined and being set to 0.0 due to no predicted samples. Use `zero_division` parameter to control this behavior.
  _warn_prf(average, modifier, f"{metric.capitalize()} is", len(result))

2025-11-07 10:59:57,183:WARNING:c:\Users\ACER\AppData\Local\Programs\Python\Python311\Lib\site-packages\sklearn\metrics\_classification.py:1509: UndefinedMetricWarning: Precision is ill-defined and being set to 0.0 due to no predicted samples. Use `zero_division` parameter to control this behavior.
  _warn_prf(average, modifier, f"{metric.capitalize()} is", len(result))

2025-11-07 10:59:57,255:WARNING:c:\Users\ACER\AppData\Local\Programs\Python\Python311\Lib\site-packages\sklearn\metrics\_classification.py:1509: UndefinedMetricWarning: Precision is ill-defined and being set to 0.0 due to no predicted samples. Use `zero_division` parameter to control this behavior.
  _warn_prf(average, modifier, f"{metric.capitalize()} is", len(result))

2025-11-07 10:59:57,730:WARNING:c:\Users\ACER\AppData\Local\Programs\Python\Python311\Lib\site-packages\sklearn\metrics\_classification.py:1509: UndefinedMetricWarning: Precision is ill-defined and being set to 0.0 due to no predicted samples. Use `zero_division` parameter to control this behavior.
  _warn_prf(average, modifier, f"{metric.capitalize()} is", len(result))

2025-11-07 10:59:58,149:WARNING:c:\Users\ACER\AppData\Local\Programs\Python\Python311\Lib\site-packages\sklearn\metrics\_classification.py:1509: UndefinedMetricWarning: Precision is ill-defined and being set to 0.0 due to no predicted samples. Use `zero_division` parameter to control this behavior.
  _warn_prf(average, modifier, f"{metric.capitalize()} is", len(result))

2025-11-07 10:59:58,440:WARNING:c:\Users\ACER\AppData\Local\Programs\Python\Python311\Lib\site-packages\sklearn\metrics\_classification.py:1509: UndefinedMetricWarning: Precision is ill-defined and being set to 0.0 due to no predicted samples. Use `zero_division` parameter to control this behavior.
  _warn_prf(average, modifier, f"{metric.capitalize()} is", len(result))

2025-11-07 10:59:58,450:WARNING:c:\Users\ACER\AppData\Local\Programs\Python\Python311\Lib\site-packages\sklearn\metrics\_classification.py:1509: UndefinedMetricWarning: Precision is ill-defined and being set to 0.0 due to no predicted samples. Use `zero_division` parameter to control this behavior.
  _warn_prf(average, modifier, f"{metric.capitalize()} is", len(result))

2025-11-07 10:59:58,709:WARNING:c:\Users\ACER\AppData\Local\Programs\Python\Python311\Lib\site-packages\sklearn\metrics\_classification.py:1509: UndefinedMetricWarning: Precision is ill-defined and being set to 0.0 due to no predicted samples. Use `zero_division` parameter to control this behavior.
  _warn_prf(average, modifier, f"{metric.capitalize()} is", len(result))

2025-11-07 10:59:58,806:WARNING:c:\Users\ACER\AppData\Local\Programs\Python\Python311\Lib\site-packages\sklearn\metrics\_classification.py:1509: UndefinedMetricWarning: Precision is ill-defined and being set to 0.0 due to no predicted samples. Use `zero_division` parameter to control this behavior.
  _warn_prf(average, modifier, f"{metric.capitalize()} is", len(result))

2025-11-07 10:59:58,843:INFO:Calculating mean and std
2025-11-07 10:59:58,848:INFO:Creating metrics dataframe
2025-11-07 10:59:58,858:INFO:Uploading results into container
2025-11-07 10:59:58,860:INFO:Uploading model into container now
2025-11-07 10:59:58,861:INFO:_master_model_container: 14
2025-11-07 10:59:58,861:INFO:_display_container: 2
2025-11-07 10:59:58,862:INFO:DummyClassifier(constant=None, random_state=6322, strategy='prior')
2025-11-07 10:59:58,862:INFO:create_model() successfully completed......................................
2025-11-07 10:59:59,373:INFO:SubProcess create_model() end ==================================
2025-11-07 10:59:59,373:INFO:Creating metrics dataframe
2025-11-07 10:59:59,495:INFO:Initializing create_model()
2025-11-07 10:59:59,495:INFO:create_model(self=<pycaret.classification.oop.ClassificationExperiment object at 0x0000029ECEF82150>, estimator=LGBMClassifier(boosting_type='gbdt', class_weight=None, colsample_bytree=1.0,
               importance_type='split', learning_rate=0.1, max_depth=-1,
               min_child_samples=20, min_child_weight=0.001, min_split_gain=0.0,
               n_estimators=100, n_jobs=-1, num_leaves=31, objective=None,
               random_state=6322, reg_alpha=0.0, reg_lambda=0.0, subsample=1.0,
               subsample_for_bin=200000, subsample_freq=0), fold=StratifiedKFold(n_splits=10, random_state=None, shuffle=False), round=4, cross_validation=False, predict=False, fit_kwargs={}, groups=None, refit=True, probability_threshold=None, experiment_custom_tags=None, verbose=False, system=False, add_to_model_list=True, metrics=None, display=None, model_only=True, return_train_score=False, error_score=0.0, kwargs={})
2025-11-07 10:59:59,496:INFO:Checking exceptions
2025-11-07 10:59:59,502:INFO:Importing libraries
2025-11-07 10:59:59,503:INFO:Copying training dataset
2025-11-07 11:00:00,074:INFO:Defining folds
2025-11-07 11:00:00,075:INFO:Declaring metric variables
2025-11-07 11:00:00,076:INFO:Importing untrained model
2025-11-07 11:00:00,076:INFO:Declaring custom model
2025-11-07 11:00:00,080:INFO:Light Gradient Boosting Machine Imported successfully
2025-11-07 11:00:00,082:INFO:Cross validation set to False
2025-11-07 11:00:00,083:INFO:Fitting Model
2025-11-07 11:00:00,719:INFO:[LightGBM] [Warning] Found whitespace in feature_names, replace with underlines
2025-11-07 11:00:00,721:INFO:[LightGBM] [Info] Number of positive: 22182, number of negative: 76571
2025-11-07 11:00:00,797:INFO:[LightGBM] [Info] Auto-choosing col-wise multi-threading, the overhead of testing was 0.062640 seconds.
2025-11-07 11:00:00,797:INFO:You can set `force_col_wise=true` to remove the overhead.
2025-11-07 11:00:00,798:INFO:[LightGBM] [Info] Total Bins 2623
2025-11-07 11:00:00,798:INFO:[LightGBM] [Info] Number of data points in the train set: 98753, number of used features: 33
2025-11-07 11:00:00,800:INFO:[LightGBM] [Info] [binary:BoostFromScore]: pavg=0.224621 -> initscore=-1.238937
2025-11-07 11:00:00,800:INFO:[LightGBM] [Info] Start training from score -1.238937
2025-11-07 11:00:04,166:INFO:LGBMClassifier(boosting_type='gbdt', class_weight=None, colsample_bytree=1.0,
               importance_type='split', learning_rate=0.1, max_depth=-1,
               min_child_samples=20, min_child_weight=0.001, min_split_gain=0.0,
               n_estimators=100, n_jobs=-1, num_leaves=31, objective=None,
               random_state=6322, reg_alpha=0.0, reg_lambda=0.0, subsample=1.0,
               subsample_for_bin=200000, subsample_freq=0)
2025-11-07 11:00:04,166:INFO:create_model() successfully completed......................................
2025-11-07 11:00:04,696:INFO:_master_model_container: 14
2025-11-07 11:00:04,696:INFO:_display_container: 2
2025-11-07 11:00:04,698:INFO:LGBMClassifier(boosting_type='gbdt', class_weight=None, colsample_bytree=1.0,
               importance_type='split', learning_rate=0.1, max_depth=-1,
               min_child_samples=20, min_child_weight=0.001, min_split_gain=0.0,
               n_estimators=100, n_jobs=-1, num_leaves=31, objective=None,
               random_state=6322, reg_alpha=0.0, reg_lambda=0.0, subsample=1.0,
               subsample_for_bin=200000, subsample_freq=0)
2025-11-07 11:00:04,699:INFO:compare_models() successfully completed......................................
2025-11-07 11:00:57,664:INFO:Initializing evaluate_model()
2025-11-07 11:00:57,664:INFO:evaluate_model(self=<pycaret.classification.oop.ClassificationExperiment object at 0x0000029ECEF82150>, estimator=LGBMClassifier(boosting_type='gbdt', class_weight=None, colsample_bytree=1.0,
               importance_type='split', learning_rate=0.1, max_depth=-1,
               min_child_samples=20, min_child_weight=0.001, min_split_gain=0.0,
               n_estimators=100, n_jobs=-1, num_leaves=31, objective=None,
               random_state=6322, reg_alpha=0.0, reg_lambda=0.0, subsample=1.0,
               subsample_for_bin=200000, subsample_freq=0), fold=None, fit_kwargs=None, plot_kwargs=None, feature_name=None, groups=None)
2025-11-07 11:00:57,909:INFO:Initializing plot_model()
2025-11-07 11:00:57,910:INFO:plot_model(self=<pycaret.classification.oop.ClassificationExperiment object at 0x0000029ECEF82150>, estimator=LGBMClassifier(boosting_type='gbdt', class_weight=None, colsample_bytree=1.0,
               importance_type='split', learning_rate=0.1, max_depth=-1,
               min_child_samples=20, min_child_weight=0.001, min_split_gain=0.0,
               n_estimators=100, n_jobs=-1, num_leaves=31, objective=None,
               random_state=6322, reg_alpha=0.0, reg_lambda=0.0, subsample=1.0,
               subsample_for_bin=200000, subsample_freq=0), plot=pipeline, scale=1, save=False, fold=StratifiedKFold(n_splits=10, random_state=None, shuffle=False), fit_kwargs={}, plot_kwargs=None, groups=None, feature_name=None, label=False, verbose=False, system=True, display=None, display_format=None)
2025-11-07 11:00:57,910:INFO:Checking exceptions
2025-11-07 11:00:58,135:INFO:Preloading libraries
2025-11-07 11:00:58,163:INFO:Copying training dataset
2025-11-07 11:00:58,163:INFO:Plot type: pipeline
2025-11-07 11:00:59,398:INFO:Visual Rendered Successfully
2025-11-07 11:01:00,531:INFO:plot_model() successfully completed......................................
2025-11-07 11:01:09,584:INFO:Initializing plot_model()
2025-11-07 11:01:09,585:INFO:plot_model(self=<pycaret.classification.oop.ClassificationExperiment object at 0x0000029ECEF82150>, estimator=LGBMClassifier(boosting_type='gbdt', class_weight=None, colsample_bytree=1.0,
               importance_type='split', learning_rate=0.1, max_depth=-1,
               min_child_samples=20, min_child_weight=0.001, min_split_gain=0.0,
               n_estimators=100, n_jobs=-1, num_leaves=31, objective=None,
               random_state=6322, reg_alpha=0.0, reg_lambda=0.0, subsample=1.0,
               subsample_for_bin=200000, subsample_freq=0), plot=parameter, scale=1, save=False, fold=StratifiedKFold(n_splits=10, random_state=None, shuffle=False), fit_kwargs={}, plot_kwargs=None, groups=None, feature_name=None, label=False, verbose=False, system=True, display=None, display_format=None)
2025-11-07 11:01:09,585:INFO:Checking exceptions
2025-11-07 11:01:09,708:INFO:Preloading libraries
2025-11-07 11:01:09,735:INFO:Copying training dataset
2025-11-07 11:01:09,735:INFO:Plot type: parameter
2025-11-07 11:01:09,750:INFO:Visual Rendered Successfully
2025-11-07 11:01:10,111:INFO:plot_model() successfully completed......................................
2025-11-07 11:01:11,197:INFO:Initializing plot_model()
2025-11-07 11:01:11,198:INFO:plot_model(self=<pycaret.classification.oop.ClassificationExperiment object at 0x0000029ECEF82150>, estimator=LGBMClassifier(boosting_type='gbdt', class_weight=None, colsample_bytree=1.0,
               importance_type='split', learning_rate=0.1, max_depth=-1,
               min_child_samples=20, min_child_weight=0.001, min_split_gain=0.0,
               n_estimators=100, n_jobs=-1, num_leaves=31, objective=None,
               random_state=6322, reg_alpha=0.0, reg_lambda=0.0, subsample=1.0,
               subsample_for_bin=200000, subsample_freq=0), plot=auc, scale=1, save=False, fold=StratifiedKFold(n_splits=10, random_state=None, shuffle=False), fit_kwargs={}, plot_kwargs=None, groups=None, feature_name=None, label=False, verbose=False, system=True, display=None, display_format=None)
2025-11-07 11:01:11,198:INFO:Checking exceptions
2025-11-07 11:01:11,347:INFO:Preloading libraries
2025-11-07 11:01:11,377:INFO:Copying training dataset
2025-11-07 11:01:11,377:INFO:Plot type: auc
2025-11-07 11:01:12,570:INFO:Fitting Model
2025-11-07 11:01:12,576:INFO:Scoring test/hold-out set
2025-11-07 11:01:14,386:INFO:Visual Rendered Successfully
2025-11-07 11:01:14,924:INFO:plot_model() successfully completed......................................
2025-11-07 11:01:14,981:INFO:Initializing plot_model()
2025-11-07 11:01:14,981:INFO:plot_model(self=<pycaret.classification.oop.ClassificationExperiment object at 0x0000029ECEF82150>, estimator=LGBMClassifier(boosting_type='gbdt', class_weight=None, colsample_bytree=1.0,
               importance_type='split', learning_rate=0.1, max_depth=-1,
               min_child_samples=20, min_child_weight=0.001, min_split_gain=0.0,
               n_estimators=100, n_jobs=-1, num_leaves=31, objective=None,
               random_state=6322, reg_alpha=0.0, reg_lambda=0.0, subsample=1.0,
               subsample_for_bin=200000, subsample_freq=0), plot=lift, scale=1, save=False, fold=StratifiedKFold(n_splits=10, random_state=None, shuffle=False), fit_kwargs={}, plot_kwargs=None, groups=None, feature_name=None, label=False, verbose=False, system=True, display=None, display_format=None)
2025-11-07 11:01:14,981:INFO:Checking exceptions
2025-11-07 11:01:15,075:INFO:Preloading libraries
2025-11-07 11:01:15,098:INFO:Copying training dataset
2025-11-07 11:01:15,098:INFO:Plot type: lift
2025-11-07 11:01:15,099:INFO:Generating predictions / predict_proba on X_test
2025-11-07 11:01:16,673:INFO:Visual Rendered Successfully
2025-11-07 11:01:17,005:INFO:plot_model() successfully completed......................................
2025-11-07 11:01:21,334:INFO:Initializing plot_model()
2025-11-07 11:01:21,335:INFO:plot_model(self=<pycaret.classification.oop.ClassificationExperiment object at 0x0000029ECEF82150>, estimator=LGBMClassifier(boosting_type='gbdt', class_weight=None, colsample_bytree=1.0,
               importance_type='split', learning_rate=0.1, max_depth=-1,
               min_child_samples=20, min_child_weight=0.001, min_split_gain=0.0,
               n_estimators=100, n_jobs=-1, num_leaves=31, objective=None,
               random_state=6322, reg_alpha=0.0, reg_lambda=0.0, subsample=1.0,
               subsample_for_bin=200000, subsample_freq=0), plot=dimension, scale=1, save=False, fold=StratifiedKFold(n_splits=10, random_state=None, shuffle=False), fit_kwargs={}, plot_kwargs=None, groups=None, feature_name=None, label=False, verbose=False, system=True, display=None, display_format=None)
2025-11-07 11:01:21,335:INFO:Checking exceptions
2025-11-07 11:01:21,436:INFO:Preloading libraries
2025-11-07 11:01:21,457:INFO:Copying training dataset
2025-11-07 11:01:21,458:INFO:Plot type: dimension
2025-11-07 11:01:22,015:INFO:Fitting StandardScaler()
2025-11-07 11:01:22,376:INFO:Fitting PCA()
2025-11-07 11:01:23,565:INFO:Fitting & Transforming Model
2025-11-07 11:01:33,275:INFO:Visual Rendered Successfully
2025-11-07 11:01:34,364:INFO:plot_model() successfully completed......................................
2025-11-07 11:01:50,517:INFO:Initializing plot_model()
2025-11-07 11:01:50,518:INFO:plot_model(self=<pycaret.classification.oop.ClassificationExperiment object at 0x0000029ECEF82150>, estimator=LGBMClassifier(boosting_type='gbdt', class_weight=None, colsample_bytree=1.0,
               importance_type='split', learning_rate=0.1, max_depth=-1,
               min_child_samples=20, min_child_weight=0.001, min_split_gain=0.0,
               n_estimators=100, n_jobs=-1, num_leaves=31, objective=None,
               random_state=6322, reg_alpha=0.0, reg_lambda=0.0, subsample=1.0,
               subsample_for_bin=200000, subsample_freq=0), plot=pr, scale=1, save=False, fold=StratifiedKFold(n_splits=10, random_state=None, shuffle=False), fit_kwargs={}, plot_kwargs=None, groups=None, feature_name=None, label=False, verbose=False, system=True, display=None, display_format=None)
2025-11-07 11:01:50,518:INFO:Checking exceptions
2025-11-07 11:01:50,623:INFO:Preloading libraries
2025-11-07 11:01:50,643:INFO:Copying training dataset
2025-11-07 11:01:50,643:INFO:Plot type: pr
2025-11-07 11:01:51,458:INFO:Fitting Model
2025-11-07 11:01:51,464:INFO:Scoring test/hold-out set
2025-11-07 11:01:52,648:INFO:Visual Rendered Successfully
2025-11-07 11:01:53,055:INFO:plot_model() successfully completed......................................
2025-11-07 11:02:16,902:INFO:Initializing plot_model()
2025-11-07 11:02:16,902:INFO:plot_model(self=<pycaret.classification.oop.ClassificationExperiment object at 0x0000029ECEF82150>, estimator=LGBMClassifier(boosting_type='gbdt', class_weight=None, colsample_bytree=1.0,
               importance_type='split', learning_rate=0.1, max_depth=-1,
               min_child_samples=20, min_child_weight=0.001, min_split_gain=0.0,
               n_estimators=100, n_jobs=-1, num_leaves=31, objective=None,
               random_state=6322, reg_alpha=0.0, reg_lambda=0.0, subsample=1.0,
               subsample_for_bin=200000, subsample_freq=0), plot=auc, scale=1, save=False, fold=None, fit_kwargs=None, plot_kwargs=None, groups=None, feature_name=None, label=False, verbose=True, system=True, display=None, display_format=None)
2025-11-07 11:02:16,902:INFO:Checking exceptions
2025-11-07 11:02:17,095:INFO:Preloading libraries
2025-11-07 11:02:17,216:INFO:Copying training dataset
2025-11-07 11:02:17,216:INFO:Plot type: auc
2025-11-07 11:02:18,571:INFO:Fitting Model
2025-11-07 11:02:18,577:INFO:Scoring test/hold-out set
2025-11-07 11:02:20,633:INFO:Visual Rendered Successfully
2025-11-07 11:02:21,331:INFO:plot_model() successfully completed......................................
2025-11-07 11:02:21,333:INFO:Initializing plot_model()
2025-11-07 11:02:21,333:INFO:plot_model(self=<pycaret.classification.oop.ClassificationExperiment object at 0x0000029ECEF82150>, estimator=LGBMClassifier(boosting_type='gbdt', class_weight=None, colsample_bytree=1.0,
               importance_type='split', learning_rate=0.1, max_depth=-1,
               min_child_samples=20, min_child_weight=0.001, min_split_gain=0.0,
               n_estimators=100, n_jobs=-1, num_leaves=31, objective=None,
               random_state=6322, reg_alpha=0.0, reg_lambda=0.0, subsample=1.0,
               subsample_for_bin=200000, subsample_freq=0), plot=pr, scale=1, save=False, fold=None, fit_kwargs=None, plot_kwargs=None, groups=None, feature_name=None, label=False, verbose=True, system=True, display=None, display_format=None)
2025-11-07 11:02:21,333:INFO:Checking exceptions
2025-11-07 11:02:21,449:INFO:Preloading libraries
2025-11-07 11:02:21,480:INFO:Copying training dataset
2025-11-07 11:02:21,481:INFO:Plot type: pr
2025-11-07 11:02:23,104:INFO:Fitting Model
2025-11-07 11:02:23,180:INFO:Scoring test/hold-out set
2025-11-07 11:02:24,694:INFO:Visual Rendered Successfully
2025-11-07 11:02:25,180:INFO:plot_model() successfully completed......................................
2025-11-07 11:02:25,181:INFO:Initializing plot_model()
2025-11-07 11:02:25,182:INFO:plot_model(self=<pycaret.classification.oop.ClassificationExperiment object at 0x0000029ECEF82150>, estimator=LGBMClassifier(boosting_type='gbdt', class_weight=None, colsample_bytree=1.0,
               importance_type='split', learning_rate=0.1, max_depth=-1,
               min_child_samples=20, min_child_weight=0.001, min_split_gain=0.0,
               n_estimators=100, n_jobs=-1, num_leaves=31, objective=None,
               random_state=6322, reg_alpha=0.0, reg_lambda=0.0, subsample=1.0,
               subsample_for_bin=200000, subsample_freq=0), plot=confusion_matrix, scale=1, save=False, fold=None, fit_kwargs=None, plot_kwargs=None, groups=None, feature_name=None, label=False, verbose=True, system=True, display=None, display_format=None)
2025-11-07 11:02:25,182:INFO:Checking exceptions
2025-11-07 11:02:25,334:INFO:Preloading libraries
2025-11-07 11:02:25,370:INFO:Copying training dataset
2025-11-07 11:02:25,370:INFO:Plot type: confusion_matrix
2025-11-07 11:02:26,575:INFO:Fitting Model
2025-11-07 11:02:26,581:INFO:Scoring test/hold-out set
2025-11-07 11:02:28,228:INFO:Visual Rendered Successfully
2025-11-07 11:02:28,618:INFO:plot_model() successfully completed......................................
2025-11-07 11:02:28,620:INFO:Initializing plot_model()
2025-11-07 11:02:28,621:INFO:plot_model(self=<pycaret.classification.oop.ClassificationExperiment object at 0x0000029ECEF82150>, estimator=LGBMClassifier(boosting_type='gbdt', class_weight=None, colsample_bytree=1.0,
               importance_type='split', learning_rate=0.1, max_depth=-1,
               min_child_samples=20, min_child_weight=0.001, min_split_gain=0.0,
               n_estimators=100, n_jobs=-1, num_leaves=31, objective=None,
               random_state=6322, reg_alpha=0.0, reg_lambda=0.0, subsample=1.0,
               subsample_for_bin=200000, subsample_freq=0), plot=feature, scale=1, save=False, fold=None, fit_kwargs=None, plot_kwargs=None, groups=None, feature_name=None, label=False, verbose=True, system=True, display=None, display_format=None)
2025-11-07 11:02:28,621:INFO:Checking exceptions
2025-11-07 11:02:28,720:INFO:Preloading libraries
2025-11-07 11:02:28,759:INFO:Copying training dataset
2025-11-07 11:02:28,759:INFO:Plot type: feature
2025-11-07 11:02:28,763:WARNING:No coef_ found. Trying feature_importances_
2025-11-07 11:02:29,846:INFO:Visual Rendered Successfully
2025-11-07 11:02:30,777:INFO:plot_model() successfully completed......................................
2025-11-07 11:02:48,023:INFO:Initializing predict_model()
2025-11-07 11:02:48,023:INFO:predict_model(self=<pycaret.classification.oop.ClassificationExperiment object at 0x0000029ECEF82150>, estimator=LGBMClassifier(boosting_type='gbdt', class_weight=None, colsample_bytree=1.0,
               importance_type='split', learning_rate=0.1, max_depth=-1,
               min_child_samples=20, min_child_weight=0.001, min_split_gain=0.0,
               n_estimators=100, n_jobs=-1, num_leaves=31, objective=None,
               random_state=6322, reg_alpha=0.0, reg_lambda=0.0, subsample=1.0,
               subsample_for_bin=200000, subsample_freq=0), probability_threshold=None, encoded_labels=False, raw_score=False, round=4, verbose=True, ml_usecase=None, preprocess=True, encode_labels=<function _SupervisedExperiment.predict_model.<locals>.encode_labels at 0x0000029EC44E3560>)
2025-11-07 11:02:48,023:INFO:Checking exceptions
2025-11-07 11:02:48,024:INFO:Preloading libraries
2025-11-07 11:02:48,028:INFO:Set up data.
2025-11-07 11:02:48,131:INFO:Set up index.
2025-11-07 11:03:42,310:INFO:Initializing tune_model()
2025-11-07 11:03:42,310:INFO:tune_model(self=<pycaret.classification.oop.ClassificationExperiment object at 0x0000029ECEF82150>, estimator=LGBMClassifier(boosting_type='gbdt', class_weight=None, colsample_bytree=1.0,
               importance_type='split', learning_rate=0.1, max_depth=-1,
               min_child_samples=20, min_child_weight=0.001, min_split_gain=0.0,
               n_estimators=100, n_jobs=-1, num_leaves=31, objective=None,
               random_state=6322, reg_alpha=0.0, reg_lambda=0.0, subsample=1.0,
               subsample_for_bin=200000, subsample_freq=0), fold=None, round=4, n_iter=10, custom_grid=None, optimize=F1, custom_scorer=None, search_library=scikit-learn, search_algorithm=None, early_stopping=False, early_stopping_max_iters=10, choose_better=True, fit_kwargs=None, groups=None, return_tuner=False, verbose=True, tuner_verbose=True, return_train_score=False, kwargs={})
2025-11-07 11:03:42,310:INFO:Checking exceptions
2025-11-07 11:03:42,582:INFO:Copying training dataset
2025-11-07 11:03:42,964:INFO:Checking base model
2025-11-07 11:03:42,965:INFO:Base model : Light Gradient Boosting Machine
2025-11-07 11:03:42,979:INFO:Declaring metric variables
2025-11-07 11:03:43,001:INFO:Defining Hyperparameters
2025-11-07 11:03:43,874:INFO:Tuning with n_jobs=-1
2025-11-07 11:03:43,874:INFO:Initializing RandomizedSearchCV
2025-11-07 13:09:24,655:INFO:Initializing predict_model()
2025-11-07 13:09:24,655:INFO:predict_model(self=<pycaret.classification.oop.ClassificationExperiment object at 0x0000029ECEF82150>, estimator=LGBMClassifier(boosting_type='gbdt', class_weight=None, colsample_bytree=1.0,
               importance_type='split', learning_rate=0.1, max_depth=-1,
               min_child_samples=20, min_child_weight=0.001, min_split_gain=0.0,
               n_estimators=100, n_jobs=-1, num_leaves=31, objective=None,
               random_state=6322, reg_alpha=0.0, reg_lambda=0.0, subsample=1.0,
               subsample_for_bin=200000, subsample_freq=0), probability_threshold=None, encoded_labels=False, raw_score=False, round=4, verbose=True, ml_usecase=None, preprocess=True, encode_labels=<function _SupervisedExperiment.predict_model.<locals>.encode_labels at 0x0000029EC8283100>)
2025-11-07 13:09:24,656:INFO:Checking exceptions
2025-11-07 13:09:24,656:INFO:Preloading libraries
2025-11-07 13:09:24,664:INFO:Set up data.
2025-11-07 13:09:24,731:INFO:Set up index.
2025-11-07 13:09:28,364:INFO:Initializing tune_model()
2025-11-07 13:09:28,364:INFO:tune_model(self=<pycaret.classification.oop.ClassificationExperiment object at 0x0000029ECEF82150>, estimator=LGBMClassifier(boosting_type='gbdt', class_weight=None, colsample_bytree=1.0,
               importance_type='split', learning_rate=0.1, max_depth=-1,
               min_child_samples=20, min_child_weight=0.001, min_split_gain=0.0,
               n_estimators=100, n_jobs=-1, num_leaves=31, objective=None,
               random_state=6322, reg_alpha=0.0, reg_lambda=0.0, subsample=1.0,
               subsample_for_bin=200000, subsample_freq=0), fold=None, round=4, n_iter=10, custom_grid=None, optimize=Recall, custom_scorer=None, search_library=scikit-learn, search_algorithm=None, early_stopping=False, early_stopping_max_iters=10, choose_better=True, fit_kwargs=None, groups=None, return_tuner=False, verbose=True, tuner_verbose=True, return_train_score=False, kwargs={})
2025-11-07 13:09:28,364:INFO:Checking exceptions
2025-11-07 13:09:28,665:INFO:Copying training dataset
2025-11-07 13:09:29,076:INFO:Checking base model
2025-11-07 13:09:29,076:INFO:Base model : Light Gradient Boosting Machine
2025-11-07 13:09:29,084:INFO:Declaring metric variables
2025-11-07 13:09:29,089:INFO:Defining Hyperparameters
2025-11-07 13:09:29,341:INFO:Tuning with n_jobs=-1
2025-11-07 13:09:29,341:INFO:Initializing RandomizedSearchCV
2025-11-07 13:12:18,475:INFO:Initializing tune_model()
2025-11-07 13:12:18,476:INFO:tune_model(self=<pycaret.classification.oop.ClassificationExperiment object at 0x0000029ECEF82150>, estimator=LGBMClassifier(boosting_type='gbdt', class_weight=None, colsample_bytree=1.0,
               importance_type='split', learning_rate=0.1, max_depth=-1,
               min_child_samples=20, min_child_weight=0.001, min_split_gain=0.0,
               n_estimators=100, n_jobs=-1, num_leaves=31, objective=None,
               random_state=6322, reg_alpha=0.0, reg_lambda=0.0, subsample=1.0,
               subsample_for_bin=200000, subsample_freq=0), fold=3, round=4, n_iter=10, custom_grid=None, optimize=Recall, custom_scorer=None, search_library=scikit-learn, search_algorithm=None, early_stopping=False, early_stopping_max_iters=10, choose_better=True, fit_kwargs=None, groups=None, return_tuner=False, verbose=True, tuner_verbose=True, return_train_score=False, kwargs={})
2025-11-07 13:12:18,476:INFO:Checking exceptions
2025-11-07 13:12:18,778:INFO:Copying training dataset
2025-11-07 13:12:19,351:INFO:Checking base model
2025-11-07 13:12:19,353:INFO:Base model : Light Gradient Boosting Machine
2025-11-07 13:12:19,365:INFO:Declaring metric variables
2025-11-07 13:12:19,378:INFO:Defining Hyperparameters
2025-11-07 13:12:20,012:INFO:Tuning with n_jobs=-1
2025-11-07 13:12:20,012:INFO:Initializing RandomizedSearchCV
2025-11-07 13:13:42,160:INFO:best_params: {'actual_estimator__reg_lambda': 0.005, 'actual_estimator__reg_alpha': 1e-07, 'actual_estimator__num_leaves': 150, 'actual_estimator__n_estimators': 180, 'actual_estimator__min_split_gain': 0.7, 'actual_estimator__min_child_samples': 76, 'actual_estimator__learning_rate': 0.01, 'actual_estimator__feature_fraction': 0.7, 'actual_estimator__bagging_freq': 5, 'actual_estimator__bagging_fraction': 0.6}
2025-11-07 13:13:42,163:INFO:Hyperparameter search completed
2025-11-07 13:13:42,163:INFO:SubProcess create_model() called ==================================
2025-11-07 13:13:42,166:INFO:Initializing create_model()
2025-11-07 13:13:42,167:INFO:create_model(self=<pycaret.classification.oop.ClassificationExperiment object at 0x0000029ECEF82150>, estimator=LGBMClassifier(boosting_type='gbdt', class_weight=None, colsample_bytree=1.0,
               importance_type='split', learning_rate=0.1, max_depth=-1,
               min_child_samples=20, min_child_weight=0.001, min_split_gain=0.0,
               n_estimators=100, n_jobs=-1, num_leaves=31, objective=None,
               random_state=6322, reg_alpha=0.0, reg_lambda=0.0, subsample=1.0,
               subsample_for_bin=200000, subsample_freq=0), fold=StratifiedKFold(n_splits=3, random_state=None, shuffle=False), round=4, cross_validation=True, predict=True, fit_kwargs={}, groups=None, refit=True, probability_threshold=None, experiment_custom_tags=None, verbose=True, system=False, add_to_model_list=True, metrics=None, display=<pycaret.internal.display.display.CommonDisplay object at 0x0000029EC90DB810>, model_only=True, return_train_score=False, error_score=0.0, kwargs={'reg_lambda': 0.005, 'reg_alpha': 1e-07, 'num_leaves': 150, 'n_estimators': 180, 'min_split_gain': 0.7, 'min_child_samples': 76, 'learning_rate': 0.01, 'feature_fraction': 0.7, 'bagging_freq': 5, 'bagging_fraction': 0.6})
2025-11-07 13:13:42,167:INFO:Checking exceptions
2025-11-07 13:13:42,167:INFO:Importing libraries
2025-11-07 13:13:42,168:INFO:Copying training dataset
2025-11-07 13:13:42,518:INFO:Defining folds
2025-11-07 13:13:42,519:INFO:Declaring metric variables
2025-11-07 13:13:42,534:INFO:Importing untrained model
2025-11-07 13:13:42,534:INFO:Declaring custom model
2025-11-07 13:13:42,549:INFO:Light Gradient Boosting Machine Imported successfully
2025-11-07 13:13:42,573:INFO:Starting cross validation
2025-11-07 13:13:42,577:INFO:Cross validating with StratifiedKFold(n_splits=3, random_state=None, shuffle=False), n_jobs=-1
2025-11-07 13:13:56,423:INFO:Calculating mean and std
2025-11-07 13:13:56,427:INFO:Creating metrics dataframe
2025-11-07 13:13:56,442:INFO:Finalizing model
2025-11-07 13:13:56,697:INFO:[LightGBM] [Warning] feature_fraction is set=0.7, colsample_bytree=1.0 will be ignored. Current value: feature_fraction=0.7
2025-11-07 13:13:56,698:INFO:[LightGBM] [Warning] bagging_fraction is set=0.6, subsample=1.0 will be ignored. Current value: bagging_fraction=0.6
2025-11-07 13:13:56,698:INFO:[LightGBM] [Warning] bagging_freq is set=5, subsample_freq=0 will be ignored. Current value: bagging_freq=5
2025-11-07 13:13:57,017:INFO:[LightGBM] [Warning] Found whitespace in feature_names, replace with underlines
2025-11-07 13:13:57,017:INFO:[LightGBM] [Warning] feature_fraction is set=0.7, colsample_bytree=1.0 will be ignored. Current value: feature_fraction=0.7
2025-11-07 13:13:57,018:INFO:[LightGBM] [Warning] bagging_fraction is set=0.6, subsample=1.0 will be ignored. Current value: bagging_fraction=0.6
2025-11-07 13:13:57,018:INFO:[LightGBM] [Warning] bagging_freq is set=5, subsample_freq=0 will be ignored. Current value: bagging_freq=5
2025-11-07 13:13:57,018:INFO:[LightGBM] [Info] Number of positive: 22182, number of negative: 76571
2025-11-07 13:13:57,065:INFO:[LightGBM] [Info] Auto-choosing col-wise multi-threading, the overhead of testing was 0.040989 seconds.
2025-11-07 13:13:57,065:INFO:You can set `force_col_wise=true` to remove the overhead.
2025-11-07 13:13:57,066:INFO:[LightGBM] [Info] Total Bins 2623
2025-11-07 13:13:57,067:INFO:[LightGBM] [Info] Number of data points in the train set: 98753, number of used features: 33
2025-11-07 13:13:57,069:INFO:[LightGBM] [Info] [binary:BoostFromScore]: pavg=0.224621 -> initscore=-1.238937
2025-11-07 13:13:57,070:INFO:[LightGBM] [Info] Start training from score -1.238937
2025-11-07 13:14:04,038:INFO:Uploading results into container
2025-11-07 13:14:04,045:INFO:Uploading model into container now
2025-11-07 13:14:04,048:INFO:_master_model_container: 15
2025-11-07 13:14:04,049:INFO:_display_container: 5
2025-11-07 13:14:04,052:INFO:LGBMClassifier(bagging_fraction=0.6, bagging_freq=5, boosting_type='gbdt',
               class_weight=None, colsample_bytree=1.0, feature_fraction=0.7,
               importance_type='split', learning_rate=0.01, max_depth=-1,
               min_child_samples=76, min_child_weight=0.001, min_split_gain=0.7,
               n_estimators=180, n_jobs=-1, num_leaves=150, objective=None,
               random_state=6322, reg_alpha=1e-07, reg_lambda=0.005,
               subsample=1.0, subsample_for_bin=200000, subsample_freq=0)
2025-11-07 13:14:04,052:INFO:create_model() successfully completed......................................
2025-11-07 13:14:04,370:INFO:SubProcess create_model() end ==================================
2025-11-07 13:14:04,370:INFO:choose_better activated
2025-11-07 13:14:04,376:INFO:SubProcess create_model() called ==================================
2025-11-07 13:14:04,379:INFO:Initializing create_model()
2025-11-07 13:14:04,380:INFO:create_model(self=<pycaret.classification.oop.ClassificationExperiment object at 0x0000029ECEF82150>, estimator=LGBMClassifier(boosting_type='gbdt', class_weight=None, colsample_bytree=1.0,
               importance_type='split', learning_rate=0.1, max_depth=-1,
               min_child_samples=20, min_child_weight=0.001, min_split_gain=0.0,
               n_estimators=100, n_jobs=-1, num_leaves=31, objective=None,
               random_state=6322, reg_alpha=0.0, reg_lambda=0.0, subsample=1.0,
               subsample_for_bin=200000, subsample_freq=0), fold=StratifiedKFold(n_splits=3, random_state=None, shuffle=False), round=4, cross_validation=True, predict=True, fit_kwargs={}, groups=None, refit=True, probability_threshold=None, experiment_custom_tags=None, verbose=False, system=False, add_to_model_list=True, metrics=None, display=None, model_only=True, return_train_score=False, error_score=0.0, kwargs={})
2025-11-07 13:14:04,380:INFO:Checking exceptions
2025-11-07 13:14:04,383:INFO:Importing libraries
2025-11-07 13:14:04,383:INFO:Copying training dataset
2025-11-07 13:14:04,577:INFO:Defining folds
2025-11-07 13:14:04,577:INFO:Declaring metric variables
2025-11-07 13:14:04,577:INFO:Importing untrained model
2025-11-07 13:14:04,578:INFO:Declaring custom model
2025-11-07 13:14:04,579:INFO:Light Gradient Boosting Machine Imported successfully
2025-11-07 13:14:04,580:INFO:Starting cross validation
2025-11-07 13:14:04,581:INFO:Cross validating with StratifiedKFold(n_splits=3, random_state=None, shuffle=False), n_jobs=-1
2025-11-07 13:14:09,652:INFO:Calculating mean and std
2025-11-07 13:14:09,654:INFO:Creating metrics dataframe
2025-11-07 13:14:09,657:INFO:Finalizing model
2025-11-07 13:14:10,153:INFO:[LightGBM] [Warning] Found whitespace in feature_names, replace with underlines
2025-11-07 13:14:10,156:INFO:[LightGBM] [Info] Number of positive: 22182, number of negative: 76571
2025-11-07 13:14:10,209:INFO:[LightGBM] [Info] Auto-choosing col-wise multi-threading, the overhead of testing was 0.049434 seconds.
2025-11-07 13:14:10,210:INFO:You can set `force_col_wise=true` to remove the overhead.
2025-11-07 13:14:10,211:INFO:[LightGBM] [Info] Total Bins 2623
2025-11-07 13:14:10,211:INFO:[LightGBM] [Info] Number of data points in the train set: 98753, number of used features: 33
2025-11-07 13:14:10,213:INFO:[LightGBM] [Info] [binary:BoostFromScore]: pavg=0.224621 -> initscore=-1.238937
2025-11-07 13:14:10,213:INFO:[LightGBM] [Info] Start training from score -1.238937
2025-11-07 13:14:11,850:INFO:Uploading results into container
2025-11-07 13:14:11,851:INFO:Uploading model into container now
2025-11-07 13:14:11,852:INFO:_master_model_container: 16
2025-11-07 13:14:11,852:INFO:_display_container: 6
2025-11-07 13:14:11,854:INFO:LGBMClassifier(boosting_type='gbdt', class_weight=None, colsample_bytree=1.0,
               importance_type='split', learning_rate=0.1, max_depth=-1,
               min_child_samples=20, min_child_weight=0.001, min_split_gain=0.0,
               n_estimators=100, n_jobs=-1, num_leaves=31, objective=None,
               random_state=6322, reg_alpha=0.0, reg_lambda=0.0, subsample=1.0,
               subsample_for_bin=200000, subsample_freq=0)
2025-11-07 13:14:11,854:INFO:create_model() successfully completed......................................
2025-11-07 13:14:12,156:INFO:SubProcess create_model() end ==================================
2025-11-07 13:14:12,158:INFO:LGBMClassifier(boosting_type='gbdt', class_weight=None, colsample_bytree=1.0,
               importance_type='split', learning_rate=0.1, max_depth=-1,
               min_child_samples=20, min_child_weight=0.001, min_split_gain=0.0,
               n_estimators=100, n_jobs=-1, num_leaves=31, objective=None,
               random_state=6322, reg_alpha=0.0, reg_lambda=0.0, subsample=1.0,
               subsample_for_bin=200000, subsample_freq=0) result for Recall is 0.5486
2025-11-07 13:14:12,159:INFO:LGBMClassifier(bagging_fraction=0.6, bagging_freq=5, boosting_type='gbdt',
               class_weight=None, colsample_bytree=1.0, feature_fraction=0.7,
               importance_type='split', learning_rate=0.01, max_depth=-1,
               min_child_samples=76, min_child_weight=0.001, min_split_gain=0.7,
               n_estimators=180, n_jobs=-1, num_leaves=150, objective=None,
               random_state=6322, reg_alpha=1e-07, reg_lambda=0.005,
               subsample=1.0, subsample_for_bin=200000, subsample_freq=0) result for Recall is 0.4499
2025-11-07 13:14:12,160:INFO:LGBMClassifier(boosting_type='gbdt', class_weight=None, colsample_bytree=1.0,
               importance_type='split', learning_rate=0.1, max_depth=-1,
               min_child_samples=20, min_child_weight=0.001, min_split_gain=0.0,
               n_estimators=100, n_jobs=-1, num_leaves=31, objective=None,
               random_state=6322, reg_alpha=0.0, reg_lambda=0.0, subsample=1.0,
               subsample_for_bin=200000, subsample_freq=0) is best model
2025-11-07 13:14:12,160:INFO:choose_better completed
2025-11-07 13:14:12,160:INFO:Original model was better than the tuned model, hence it will be returned. NOTE: The display metrics are for the tuned model (not the original one).
2025-11-07 13:14:12,183:INFO:_master_model_container: 16
2025-11-07 13:14:12,183:INFO:_display_container: 5
2025-11-07 13:14:12,186:INFO:LGBMClassifier(boosting_type='gbdt', class_weight=None, colsample_bytree=1.0,
               importance_type='split', learning_rate=0.1, max_depth=-1,
               min_child_samples=20, min_child_weight=0.001, min_split_gain=0.0,
               n_estimators=100, n_jobs=-1, num_leaves=31, objective=None,
               random_state=6322, reg_alpha=0.0, reg_lambda=0.0, subsample=1.0,
               subsample_for_bin=200000, subsample_freq=0)
2025-11-07 13:14:12,186:INFO:tune_model() successfully completed......................................
2025-11-07 13:14:12,432:INFO:Initializing finalize_model()
2025-11-07 13:14:12,432:INFO:finalize_model(self=<pycaret.classification.oop.ClassificationExperiment object at 0x0000029ECEF82150>, estimator=LGBMClassifier(boosting_type='gbdt', class_weight=None, colsample_bytree=1.0,
               importance_type='split', learning_rate=0.1, max_depth=-1,
               min_child_samples=20, min_child_weight=0.001, min_split_gain=0.0,
               n_estimators=100, n_jobs=-1, num_leaves=31, objective=None,
               random_state=6322, reg_alpha=0.0, reg_lambda=0.0, subsample=1.0,
               subsample_for_bin=200000, subsample_freq=0), fit_kwargs=None, groups=None, model_only=False, experiment_custom_tags=None)
2025-11-07 13:14:12,433:INFO:Finalizing LGBMClassifier(boosting_type='gbdt', class_weight=None, colsample_bytree=1.0,
               importance_type='split', learning_rate=0.1, max_depth=-1,
               min_child_samples=20, min_child_weight=0.001, min_split_gain=0.0,
               n_estimators=100, n_jobs=-1, num_leaves=31, objective=None,
               random_state=6322, reg_alpha=0.0, reg_lambda=0.0, subsample=1.0,
               subsample_for_bin=200000, subsample_freq=0)
2025-11-07 13:14:12,528:INFO:Initializing create_model()
2025-11-07 13:14:12,529:INFO:create_model(self=<pycaret.classification.oop.ClassificationExperiment object at 0x0000029ECEF82150>, estimator=LGBMClassifier(boosting_type='gbdt', class_weight=None, colsample_bytree=1.0,
               importance_type='split', learning_rate=0.1, max_depth=-1,
               min_child_samples=20, min_child_weight=0.001, min_split_gain=0.0,
               n_estimators=100, n_jobs=-1, num_leaves=31, objective=None,
               random_state=6322, reg_alpha=0.0, reg_lambda=0.0, subsample=1.0,
               subsample_for_bin=200000, subsample_freq=0), fold=None, round=4, cross_validation=False, predict=False, fit_kwargs={}, groups=None, refit=True, probability_threshold=None, experiment_custom_tags=None, verbose=False, system=False, add_to_model_list=False, metrics=None, display=None, model_only=False, return_train_score=False, error_score=0.0, kwargs={})
2025-11-07 13:14:12,529:INFO:Checking exceptions
2025-11-07 13:14:12,532:INFO:Importing libraries
2025-11-07 13:14:12,532:INFO:Copying training dataset
2025-11-07 13:14:12,543:INFO:Defining folds
2025-11-07 13:14:12,544:INFO:Declaring metric variables
2025-11-07 13:14:12,544:INFO:Importing untrained model
2025-11-07 13:14:12,544:INFO:Declaring custom model
2025-11-07 13:14:12,546:INFO:Light Gradient Boosting Machine Imported successfully
2025-11-07 13:14:12,548:INFO:Cross validation set to False
2025-11-07 13:14:12,548:INFO:Fitting Model
2025-11-07 13:14:13,038:INFO:[LightGBM] [Warning] Found whitespace in feature_names, replace with underlines
2025-11-07 13:14:13,039:INFO:[LightGBM] [Info] Number of positive: 28465, number of negative: 98504
2025-11-07 13:14:13,070:INFO:[LightGBM] [Info] Auto-choosing row-wise multi-threading, the overhead of testing was 0.010429 seconds.
2025-11-07 13:14:13,071:INFO:You can set `force_row_wise=true` to remove the overhead.
2025-11-07 13:14:13,071:INFO:And if memory is not enough, you can set `force_col_wise=true`.
2025-11-07 13:14:13,071:INFO:[LightGBM] [Info] Total Bins 2639
2025-11-07 13:14:13,071:INFO:[LightGBM] [Info] Number of data points in the train set: 126969, number of used features: 33
2025-11-07 13:14:13,073:INFO:[LightGBM] [Info] [binary:BoostFromScore]: pavg=0.224189 -> initscore=-1.241422
2025-11-07 13:14:13,073:INFO:[LightGBM] [Info] Start training from score -1.241422
2025-11-07 13:14:15,380:INFO:Pipeline(memory=Memory(location=None),
         steps=[('numerical_imputer',
                 TransformerWrapper(exclude=None,
                                    include=['MinTemp', 'MaxTemp', 'Rainfall',
                                             'Evaporation', 'Sunshine',
                                             'WindGustSpeed', 'WindSpeed9am',
                                             'WindSpeed3pm', 'Humidity9am',
                                             'Humidity3pm', 'Pressure9am',
                                             'Pressure3pm', 'Cloud9am',
                                             'Cloud3pm', 'Temp9am', 'Temp3pm',
                                             'RainToday', 'WindGustDir_sin',
                                             'WindGustDir_...
                 LGBMClassifier(boosting_type='gbdt', class_weight=None,
                                colsample_bytree=1.0, importance_type='split',
                                learning_rate=0.1, max_depth=-1,
                                min_child_samples=20, min_child_weight=0.001,
                                min_split_gain=0.0, n_estimators=100, n_jobs=-1,
                                num_leaves=31, objective=None,
                                random_state=6322, reg_alpha=0.0,
                                reg_lambda=0.0, subsample=1.0,
                                subsample_for_bin=200000, subsample_freq=0))],
         verbose=False)
2025-11-07 13:14:15,380:INFO:create_model() successfully completed......................................
2025-11-07 13:14:15,675:INFO:_master_model_container: 16
2025-11-07 13:14:15,675:INFO:_display_container: 5
2025-11-07 13:14:15,688:INFO:Pipeline(memory=Memory(location=None),
         steps=[('numerical_imputer',
                 TransformerWrapper(exclude=None,
                                    include=['MinTemp', 'MaxTemp', 'Rainfall',
                                             'Evaporation', 'Sunshine',
                                             'WindGustSpeed', 'WindSpeed9am',
                                             'WindSpeed3pm', 'Humidity9am',
                                             'Humidity3pm', 'Pressure9am',
                                             'Pressure3pm', 'Cloud9am',
                                             'Cloud3pm', 'Temp9am', 'Temp3pm',
                                             'RainToday', 'WindGustDir_sin',
                                             'WindGustDir_...
                 LGBMClassifier(boosting_type='gbdt', class_weight=None,
                                colsample_bytree=1.0, importance_type='split',
                                learning_rate=0.1, max_depth=-1,
                                min_child_samples=20, min_child_weight=0.001,
                                min_split_gain=0.0, n_estimators=100, n_jobs=-1,
                                num_leaves=31, objective=None,
                                random_state=6322, reg_alpha=0.0,
                                reg_lambda=0.0, subsample=1.0,
                                subsample_for_bin=200000, subsample_freq=0))],
         verbose=False)
2025-11-07 13:14:15,688:INFO:finalize_model() successfully completed......................................
2025-11-07 13:14:18,049:INFO:Initializing plot_model()
2025-11-07 13:14:18,049:INFO:plot_model(self=<pycaret.classification.oop.ClassificationExperiment object at 0x0000029ECEF82150>, estimator=LGBMClassifier(boosting_type='gbdt', class_weight=None, colsample_bytree=1.0,
               importance_type='split', learning_rate=0.1, max_depth=-1,
               min_child_samples=20, min_child_weight=0.001, min_split_gain=0.0,
               n_estimators=100, n_jobs=-1, num_leaves=31, objective=None,
               random_state=6322, reg_alpha=0.0, reg_lambda=0.0, subsample=1.0,
               subsample_for_bin=200000, subsample_freq=0), plot=parameter, scale=1, save=False, fold=StratifiedKFold(n_splits=10, random_state=None, shuffle=False), fit_kwargs={}, plot_kwargs=None, groups=None, feature_name=None, label=False, verbose=False, system=True, display=None, display_format=None)
2025-11-07 13:14:18,049:INFO:Checking exceptions
2025-11-07 13:14:18,134:INFO:Preloading libraries
2025-11-07 13:14:18,147:INFO:Copying training dataset
2025-11-07 13:14:18,147:INFO:Plot type: parameter
2025-11-07 13:14:18,156:INFO:Visual Rendered Successfully
2025-11-07 13:14:18,475:INFO:plot_model() successfully completed......................................
2025-11-07 13:14:22,498:INFO:Initializing plot_model()
2025-11-07 13:14:22,498:INFO:plot_model(self=<pycaret.classification.oop.ClassificationExperiment object at 0x0000029ECEF82150>, estimator=LGBMClassifier(boosting_type='gbdt', class_weight=None, colsample_bytree=1.0,
               importance_type='split', learning_rate=0.1, max_depth=-1,
               min_child_samples=20, min_child_weight=0.001, min_split_gain=0.0,
               n_estimators=100, n_jobs=-1, num_leaves=31, objective=None,
               random_state=6322, reg_alpha=0.0, reg_lambda=0.0, subsample=1.0,
               subsample_for_bin=200000, subsample_freq=0), plot=error, scale=1, save=False, fold=StratifiedKFold(n_splits=10, random_state=None, shuffle=False), fit_kwargs={}, plot_kwargs=None, groups=None, feature_name=None, label=False, verbose=False, system=True, display=None, display_format=None)
2025-11-07 13:14:22,498:INFO:Checking exceptions
2025-11-07 13:14:22,559:INFO:Preloading libraries
2025-11-07 13:14:22,571:INFO:Copying training dataset
2025-11-07 13:14:22,571:INFO:Plot type: error
2025-11-07 13:14:23,040:INFO:Fitting Model
2025-11-07 13:14:23,043:INFO:Scoring test/hold-out set
2025-11-07 13:14:23,640:INFO:Visual Rendered Successfully
2025-11-07 13:14:23,871:INFO:plot_model() successfully completed......................................
2025-11-07 13:15:14,218:INFO:Initializing tune_model()
2025-11-07 13:15:14,218:INFO:tune_model(self=<pycaret.classification.oop.ClassificationExperiment object at 0x0000029ECEF82150>, estimator=LGBMClassifier(boosting_type='gbdt', class_weight=None, colsample_bytree=1.0,
               importance_type='split', learning_rate=0.1, max_depth=-1,
               min_child_samples=20, min_child_weight=0.001, min_split_gain=0.0,
               n_estimators=100, n_jobs=-1, num_leaves=31, objective=None,
               random_state=6322, reg_alpha=0.0, reg_lambda=0.0, subsample=1.0,
               subsample_for_bin=200000, subsample_freq=0), fold=5, round=4, n_iter=10, custom_grid=None, optimize=Recall, custom_scorer=None, search_library=scikit-learn, search_algorithm=None, early_stopping=False, early_stopping_max_iters=10, choose_better=True, fit_kwargs=None, groups=None, return_tuner=False, verbose=True, tuner_verbose=True, return_train_score=False, kwargs={})
2025-11-07 13:15:14,218:INFO:Checking exceptions
2025-11-07 13:15:14,373:INFO:Copying training dataset
2025-11-07 13:15:14,625:INFO:Checking base model
2025-11-07 13:15:14,626:INFO:Base model : Light Gradient Boosting Machine
2025-11-07 13:15:14,632:INFO:Declaring metric variables
2025-11-07 13:15:14,641:INFO:Defining Hyperparameters
2025-11-07 13:15:15,052:INFO:Tuning with n_jobs=-1
2025-11-07 13:15:15,052:INFO:Initializing RandomizedSearchCV
2025-11-07 13:15:33,102:INFO:Initializing tune_model()
2025-11-07 13:15:33,102:INFO:tune_model(self=<pycaret.classification.oop.ClassificationExperiment object at 0x0000029ECEF82150>, estimator=LGBMClassifier(boosting_type='gbdt', class_weight=None, colsample_bytree=1.0,
               importance_type='split', learning_rate=0.1, max_depth=-1,
               min_child_samples=20, min_child_weight=0.001, min_split_gain=0.0,
               n_estimators=100, n_jobs=-1, num_leaves=31, objective=None,
               random_state=6322, reg_alpha=0.0, reg_lambda=0.0, subsample=1.0,
               subsample_for_bin=200000, subsample_freq=0), fold=5, round=4, n_iter=10, custom_grid=None, optimize=Recall, custom_scorer=None, search_library=scikit-learn, search_algorithm=None, early_stopping=False, early_stopping_max_iters=10, choose_better=True, fit_kwargs=None, groups=None, return_tuner=False, verbose=True, tuner_verbose=True, return_train_score=False, kwargs={})
2025-11-07 13:15:33,103:INFO:Checking exceptions
2025-11-07 13:15:33,251:INFO:Copying training dataset
2025-11-07 13:15:33,587:INFO:Checking base model
2025-11-07 13:15:33,587:INFO:Base model : Light Gradient Boosting Machine
2025-11-07 13:15:33,594:INFO:Declaring metric variables
2025-11-07 13:15:33,600:INFO:Defining Hyperparameters
2025-11-07 13:15:33,862:INFO:Tuning with n_jobs=-1
2025-11-07 13:15:33,862:INFO:Initializing RandomizedSearchCV
2025-11-07 13:18:34,469:INFO:best_params: {'actual_estimator__reg_lambda': 0.005, 'actual_estimator__reg_alpha': 1e-07, 'actual_estimator__num_leaves': 150, 'actual_estimator__n_estimators': 180, 'actual_estimator__min_split_gain': 0.7, 'actual_estimator__min_child_samples': 76, 'actual_estimator__learning_rate': 0.01, 'actual_estimator__feature_fraction': 0.7, 'actual_estimator__bagging_freq': 5, 'actual_estimator__bagging_fraction': 0.6}
2025-11-07 13:18:34,472:INFO:Hyperparameter search completed
2025-11-07 13:18:34,472:INFO:SubProcess create_model() called ==================================
2025-11-07 13:18:34,475:INFO:Initializing create_model()
2025-11-07 13:18:34,475:INFO:create_model(self=<pycaret.classification.oop.ClassificationExperiment object at 0x0000029ECEF82150>, estimator=LGBMClassifier(boosting_type='gbdt', class_weight=None, colsample_bytree=1.0,
               importance_type='split', learning_rate=0.1, max_depth=-1,
               min_child_samples=20, min_child_weight=0.001, min_split_gain=0.0,
               n_estimators=100, n_jobs=-1, num_leaves=31, objective=None,
               random_state=6322, reg_alpha=0.0, reg_lambda=0.0, subsample=1.0,
               subsample_for_bin=200000, subsample_freq=0), fold=StratifiedKFold(n_splits=5, random_state=None, shuffle=False), round=4, cross_validation=True, predict=True, fit_kwargs={}, groups=None, refit=True, probability_threshold=None, experiment_custom_tags=None, verbose=True, system=False, add_to_model_list=True, metrics=None, display=<pycaret.internal.display.display.CommonDisplay object at 0x0000029ED3C92D10>, model_only=True, return_train_score=False, error_score=0.0, kwargs={'reg_lambda': 0.005, 'reg_alpha': 1e-07, 'num_leaves': 150, 'n_estimators': 180, 'min_split_gain': 0.7, 'min_child_samples': 76, 'learning_rate': 0.01, 'feature_fraction': 0.7, 'bagging_freq': 5, 'bagging_fraction': 0.6})
2025-11-07 13:18:34,475:INFO:Checking exceptions
2025-11-07 13:18:34,475:INFO:Importing libraries
2025-11-07 13:18:34,475:INFO:Copying training dataset
2025-11-07 13:18:34,809:INFO:Defining folds
2025-11-07 13:18:34,810:INFO:Declaring metric variables
2025-11-07 13:18:34,820:INFO:Importing untrained model
2025-11-07 13:18:34,821:INFO:Declaring custom model
2025-11-07 13:18:34,841:INFO:Light Gradient Boosting Machine Imported successfully
2025-11-07 13:18:34,862:INFO:Starting cross validation
2025-11-07 13:18:34,865:INFO:Cross validating with StratifiedKFold(n_splits=5, random_state=None, shuffle=False), n_jobs=-1
2025-11-07 13:19:00,205:INFO:Calculating mean and std
2025-11-07 13:19:00,207:INFO:Creating metrics dataframe
2025-11-07 13:19:00,215:INFO:Finalizing model
2025-11-07 13:19:00,380:INFO:[LightGBM] [Warning] feature_fraction is set=0.7, colsample_bytree=1.0 will be ignored. Current value: feature_fraction=0.7
2025-11-07 13:19:00,380:INFO:[LightGBM] [Warning] bagging_fraction is set=0.6, subsample=1.0 will be ignored. Current value: bagging_fraction=0.6
2025-11-07 13:19:00,380:INFO:[LightGBM] [Warning] bagging_freq is set=5, subsample_freq=0 will be ignored. Current value: bagging_freq=5
2025-11-07 13:19:00,654:INFO:[LightGBM] [Warning] Found whitespace in feature_names, replace with underlines
2025-11-07 13:19:00,655:INFO:[LightGBM] [Warning] feature_fraction is set=0.7, colsample_bytree=1.0 will be ignored. Current value: feature_fraction=0.7
2025-11-07 13:19:00,655:INFO:[LightGBM] [Warning] bagging_fraction is set=0.6, subsample=1.0 will be ignored. Current value: bagging_fraction=0.6
2025-11-07 13:19:00,655:INFO:[LightGBM] [Warning] bagging_freq is set=5, subsample_freq=0 will be ignored. Current value: bagging_freq=5
2025-11-07 13:19:00,656:INFO:[LightGBM] [Info] Number of positive: 22182, number of negative: 76571
2025-11-07 13:19:00,694:INFO:[LightGBM] [Info] Auto-choosing col-wise multi-threading, the overhead of testing was 0.035494 seconds.
2025-11-07 13:19:00,694:INFO:You can set `force_col_wise=true` to remove the overhead.
2025-11-07 13:19:00,695:INFO:[LightGBM] [Info] Total Bins 2623
2025-11-07 13:19:00,696:INFO:[LightGBM] [Info] Number of data points in the train set: 98753, number of used features: 33
2025-11-07 13:19:00,698:INFO:[LightGBM] [Info] [binary:BoostFromScore]: pavg=0.224621 -> initscore=-1.238937
2025-11-07 13:19:00,698:INFO:[LightGBM] [Info] Start training from score -1.238937
2025-11-07 13:19:05,781:INFO:Uploading results into container
2025-11-07 13:19:05,783:INFO:Uploading model into container now
2025-11-07 13:19:05,784:INFO:_master_model_container: 17
2025-11-07 13:19:05,784:INFO:_display_container: 6
2025-11-07 13:19:05,786:INFO:LGBMClassifier(bagging_fraction=0.6, bagging_freq=5, boosting_type='gbdt',
               class_weight=None, colsample_bytree=1.0, feature_fraction=0.7,
               importance_type='split', learning_rate=0.01, max_depth=-1,
               min_child_samples=76, min_child_weight=0.001, min_split_gain=0.7,
               n_estimators=180, n_jobs=-1, num_leaves=150, objective=None,
               random_state=6322, reg_alpha=1e-07, reg_lambda=0.005,
               subsample=1.0, subsample_for_bin=200000, subsample_freq=0)
2025-11-07 13:19:05,786:INFO:create_model() successfully completed......................................
2025-11-07 13:19:06,151:INFO:SubProcess create_model() end ==================================
2025-11-07 13:19:06,152:INFO:choose_better activated
2025-11-07 13:19:06,157:INFO:SubProcess create_model() called ==================================
2025-11-07 13:19:06,158:INFO:Initializing create_model()
2025-11-07 13:19:06,158:INFO:create_model(self=<pycaret.classification.oop.ClassificationExperiment object at 0x0000029ECEF82150>, estimator=LGBMClassifier(boosting_type='gbdt', class_weight=None, colsample_bytree=1.0,
               importance_type='split', learning_rate=0.1, max_depth=-1,
               min_child_samples=20, min_child_weight=0.001, min_split_gain=0.0,
               n_estimators=100, n_jobs=-1, num_leaves=31, objective=None,
               random_state=6322, reg_alpha=0.0, reg_lambda=0.0, subsample=1.0,
               subsample_for_bin=200000, subsample_freq=0), fold=StratifiedKFold(n_splits=5, random_state=None, shuffle=False), round=4, cross_validation=True, predict=True, fit_kwargs={}, groups=None, refit=True, probability_threshold=None, experiment_custom_tags=None, verbose=False, system=False, add_to_model_list=True, metrics=None, display=None, model_only=True, return_train_score=False, error_score=0.0, kwargs={})
2025-11-07 13:19:06,158:INFO:Checking exceptions
2025-11-07 13:19:06,161:INFO:Importing libraries
2025-11-07 13:19:06,162:INFO:Copying training dataset
2025-11-07 13:19:06,380:INFO:Defining folds
2025-11-07 13:19:06,380:INFO:Declaring metric variables
2025-11-07 13:19:06,380:INFO:Importing untrained model
2025-11-07 13:19:06,381:INFO:Declaring custom model
2025-11-07 13:19:06,382:INFO:Light Gradient Boosting Machine Imported successfully
2025-11-07 13:19:06,383:INFO:Starting cross validation
2025-11-07 13:19:06,384:INFO:Cross validating with StratifiedKFold(n_splits=5, random_state=None, shuffle=False), n_jobs=-1
2025-11-07 13:19:15,999:INFO:Calculating mean and std
2025-11-07 13:19:16,001:INFO:Creating metrics dataframe
2025-11-07 13:19:16,004:INFO:Finalizing model
2025-11-07 13:19:16,485:INFO:[LightGBM] [Warning] Found whitespace in feature_names, replace with underlines
2025-11-07 13:19:16,486:INFO:[LightGBM] [Info] Number of positive: 22182, number of negative: 76571
2025-11-07 13:19:16,515:INFO:[LightGBM] [Info] Auto-choosing row-wise multi-threading, the overhead of testing was 0.007816 seconds.
2025-11-07 13:19:16,515:INFO:You can set `force_row_wise=true` to remove the overhead.
2025-11-07 13:19:16,515:INFO:And if memory is not enough, you can set `force_col_wise=true`.
2025-11-07 13:19:16,516:INFO:[LightGBM] [Info] Total Bins 2623
2025-11-07 13:19:16,516:INFO:[LightGBM] [Info] Number of data points in the train set: 98753, number of used features: 33
2025-11-07 13:19:16,517:INFO:[LightGBM] [Info] [binary:BoostFromScore]: pavg=0.224621 -> initscore=-1.238937
2025-11-07 13:19:16,517:INFO:[LightGBM] [Info] Start training from score -1.238937
2025-11-07 13:19:18,456:INFO:Uploading results into container
2025-11-07 13:19:18,458:INFO:Uploading model into container now
2025-11-07 13:19:18,459:INFO:_master_model_container: 18
2025-11-07 13:19:18,459:INFO:_display_container: 7
2025-11-07 13:19:18,461:INFO:LGBMClassifier(boosting_type='gbdt', class_weight=None, colsample_bytree=1.0,
               importance_type='split', learning_rate=0.1, max_depth=-1,
               min_child_samples=20, min_child_weight=0.001, min_split_gain=0.0,
               n_estimators=100, n_jobs=-1, num_leaves=31, objective=None,
               random_state=6322, reg_alpha=0.0, reg_lambda=0.0, subsample=1.0,
               subsample_for_bin=200000, subsample_freq=0)
2025-11-07 13:19:18,461:INFO:create_model() successfully completed......................................
2025-11-07 13:19:18,964:INFO:SubProcess create_model() end ==================================
2025-11-07 13:19:18,965:INFO:LGBMClassifier(boosting_type='gbdt', class_weight=None, colsample_bytree=1.0,
               importance_type='split', learning_rate=0.1, max_depth=-1,
               min_child_samples=20, min_child_weight=0.001, min_split_gain=0.0,
               n_estimators=100, n_jobs=-1, num_leaves=31, objective=None,
               random_state=6322, reg_alpha=0.0, reg_lambda=0.0, subsample=1.0,
               subsample_for_bin=200000, subsample_freq=0) result for Recall is 0.5472
2025-11-07 13:19:18,966:INFO:LGBMClassifier(bagging_fraction=0.6, bagging_freq=5, boosting_type='gbdt',
               class_weight=None, colsample_bytree=1.0, feature_fraction=0.7,
               importance_type='split', learning_rate=0.01, max_depth=-1,
               min_child_samples=76, min_child_weight=0.001, min_split_gain=0.7,
               n_estimators=180, n_jobs=-1, num_leaves=150, objective=None,
               random_state=6322, reg_alpha=1e-07, reg_lambda=0.005,
               subsample=1.0, subsample_for_bin=200000, subsample_freq=0) result for Recall is 0.4511
2025-11-07 13:19:18,967:INFO:LGBMClassifier(boosting_type='gbdt', class_weight=None, colsample_bytree=1.0,
               importance_type='split', learning_rate=0.1, max_depth=-1,
               min_child_samples=20, min_child_weight=0.001, min_split_gain=0.0,
               n_estimators=100, n_jobs=-1, num_leaves=31, objective=None,
               random_state=6322, reg_alpha=0.0, reg_lambda=0.0, subsample=1.0,
               subsample_for_bin=200000, subsample_freq=0) is best model
2025-11-07 13:19:18,967:INFO:choose_better completed
2025-11-07 13:19:18,967:INFO:Original model was better than the tuned model, hence it will be returned. NOTE: The display metrics are for the tuned model (not the original one).
2025-11-07 13:19:18,989:INFO:_master_model_container: 18
2025-11-07 13:19:18,989:INFO:_display_container: 6
2025-11-07 13:19:18,992:INFO:LGBMClassifier(boosting_type='gbdt', class_weight=None, colsample_bytree=1.0,
               importance_type='split', learning_rate=0.1, max_depth=-1,
               min_child_samples=20, min_child_weight=0.001, min_split_gain=0.0,
               n_estimators=100, n_jobs=-1, num_leaves=31, objective=None,
               random_state=6322, reg_alpha=0.0, reg_lambda=0.0, subsample=1.0,
               subsample_for_bin=200000, subsample_freq=0)
2025-11-07 13:19:18,993:INFO:tune_model() successfully completed......................................
2025-11-07 13:19:19,347:INFO:Initializing finalize_model()
2025-11-07 13:19:19,347:INFO:finalize_model(self=<pycaret.classification.oop.ClassificationExperiment object at 0x0000029ECEF82150>, estimator=LGBMClassifier(boosting_type='gbdt', class_weight=None, colsample_bytree=1.0,
               importance_type='split', learning_rate=0.1, max_depth=-1,
               min_child_samples=20, min_child_weight=0.001, min_split_gain=0.0,
               n_estimators=100, n_jobs=-1, num_leaves=31, objective=None,
               random_state=6322, reg_alpha=0.0, reg_lambda=0.0, subsample=1.0,
               subsample_for_bin=200000, subsample_freq=0), fit_kwargs=None, groups=None, model_only=False, experiment_custom_tags=None)
2025-11-07 13:19:19,348:INFO:Finalizing LGBMClassifier(boosting_type='gbdt', class_weight=None, colsample_bytree=1.0,
               importance_type='split', learning_rate=0.1, max_depth=-1,
               min_child_samples=20, min_child_weight=0.001, min_split_gain=0.0,
               n_estimators=100, n_jobs=-1, num_leaves=31, objective=None,
               random_state=6322, reg_alpha=0.0, reg_lambda=0.0, subsample=1.0,
               subsample_for_bin=200000, subsample_freq=0)
2025-11-07 13:19:19,490:INFO:Initializing create_model()
2025-11-07 13:19:19,490:INFO:create_model(self=<pycaret.classification.oop.ClassificationExperiment object at 0x0000029ECEF82150>, estimator=LGBMClassifier(boosting_type='gbdt', class_weight=None, colsample_bytree=1.0,
               importance_type='split', learning_rate=0.1, max_depth=-1,
               min_child_samples=20, min_child_weight=0.001, min_split_gain=0.0,
               n_estimators=100, n_jobs=-1, num_leaves=31, objective=None,
               random_state=6322, reg_alpha=0.0, reg_lambda=0.0, subsample=1.0,
               subsample_for_bin=200000, subsample_freq=0), fold=None, round=4, cross_validation=False, predict=False, fit_kwargs={}, groups=None, refit=True, probability_threshold=None, experiment_custom_tags=None, verbose=False, system=False, add_to_model_list=False, metrics=None, display=None, model_only=False, return_train_score=False, error_score=0.0, kwargs={})
2025-11-07 13:19:19,491:INFO:Checking exceptions
2025-11-07 13:19:19,495:INFO:Importing libraries
2025-11-07 13:19:19,495:INFO:Copying training dataset
2025-11-07 13:19:19,515:INFO:Defining folds
2025-11-07 13:19:19,515:INFO:Declaring metric variables
2025-11-07 13:19:19,516:INFO:Importing untrained model
2025-11-07 13:19:19,516:INFO:Declaring custom model
2025-11-07 13:19:19,518:INFO:Light Gradient Boosting Machine Imported successfully
2025-11-07 13:19:19,520:INFO:Cross validation set to False
2025-11-07 13:19:19,520:INFO:Fitting Model
2025-11-07 13:19:20,086:INFO:[LightGBM] [Warning] Found whitespace in feature_names, replace with underlines
2025-11-07 13:19:20,087:INFO:[LightGBM] [Info] Number of positive: 28465, number of negative: 98504
2025-11-07 13:19:20,134:INFO:[LightGBM] [Info] Auto-choosing col-wise multi-threading, the overhead of testing was 0.043553 seconds.
2025-11-07 13:19:20,134:INFO:You can set `force_col_wise=true` to remove the overhead.
2025-11-07 13:19:20,135:INFO:[LightGBM] [Info] Total Bins 2639
2025-11-07 13:19:20,135:INFO:[LightGBM] [Info] Number of data points in the train set: 126969, number of used features: 33
2025-11-07 13:19:20,137:INFO:[LightGBM] [Info] [binary:BoostFromScore]: pavg=0.224189 -> initscore=-1.241422
2025-11-07 13:19:20,137:INFO:[LightGBM] [Info] Start training from score -1.241422
2025-11-07 13:19:22,345:INFO:Pipeline(memory=Memory(location=None),
         steps=[('numerical_imputer',
                 TransformerWrapper(exclude=None,
                                    include=['MinTemp', 'MaxTemp', 'Rainfall',
                                             'Evaporation', 'Sunshine',
                                             'WindGustSpeed', 'WindSpeed9am',
                                             'WindSpeed3pm', 'Humidity9am',
                                             'Humidity3pm', 'Pressure9am',
                                             'Pressure3pm', 'Cloud9am',
                                             'Cloud3pm', 'Temp9am', 'Temp3pm',
                                             'RainToday', 'WindGustDir_sin',
                                             'WindGustDir_...
                 LGBMClassifier(boosting_type='gbdt', class_weight=None,
                                colsample_bytree=1.0, importance_type='split',
                                learning_rate=0.1, max_depth=-1,
                                min_child_samples=20, min_child_weight=0.001,
                                min_split_gain=0.0, n_estimators=100, n_jobs=-1,
                                num_leaves=31, objective=None,
                                random_state=6322, reg_alpha=0.0,
                                reg_lambda=0.0, subsample=1.0,
                                subsample_for_bin=200000, subsample_freq=0))],
         verbose=False)
2025-11-07 13:19:22,345:INFO:create_model() successfully completed......................................
2025-11-07 13:19:22,669:INFO:_master_model_container: 18
2025-11-07 13:19:22,669:INFO:_display_container: 6
2025-11-07 13:19:22,679:INFO:Pipeline(memory=Memory(location=None),
         steps=[('numerical_imputer',
                 TransformerWrapper(exclude=None,
                                    include=['MinTemp', 'MaxTemp', 'Rainfall',
                                             'Evaporation', 'Sunshine',
                                             'WindGustSpeed', 'WindSpeed9am',
                                             'WindSpeed3pm', 'Humidity9am',
                                             'Humidity3pm', 'Pressure9am',
                                             'Pressure3pm', 'Cloud9am',
                                             'Cloud3pm', 'Temp9am', 'Temp3pm',
                                             'RainToday', 'WindGustDir_sin',
                                             'WindGustDir_...
                 LGBMClassifier(boosting_type='gbdt', class_weight=None,
                                colsample_bytree=1.0, importance_type='split',
                                learning_rate=0.1, max_depth=-1,
                                min_child_samples=20, min_child_weight=0.001,
                                min_split_gain=0.0, n_estimators=100, n_jobs=-1,
                                num_leaves=31, objective=None,
                                random_state=6322, reg_alpha=0.0,
                                reg_lambda=0.0, subsample=1.0,
                                subsample_for_bin=200000, subsample_freq=0))],
         verbose=False)
2025-11-07 13:19:22,679:INFO:finalize_model() successfully completed......................................
